{"stats":{"minecraft:dropped":{"minecraft:jungle_pressure_plate":1,"minecraft:oak_pressure_plate":1,"minecraft:tnt":1,"minecraft:birch_pressure_plate":1,"minecraft:dark_oak_pressure_plate":2,"minecraft:jungle_trapdoor":1,"minecraft:oak_sign":1,"minecraft:acacia_trapdoor":1,"minecraft:birch_fence_gate":1,"minecraft:spruce_fence_gate":2,"minecraft:oak_fence_gate":1,"minecraft:dark_oak_trapdoor":1,"minecraft:hopper":1,"minecraft:sandstone":5,"minecraft:acacia_pressure_plate":1},"minecraft:custom":{"minecraft:interact_with_furnace":2,"minecraft:inspect_dropper":6,"minecraft:interact_with_anvil":2,"minecraft:play_record":10,"minecraft:tune_noteblock":5,"minecraft:fill_cauldron":1,"minecraft:play_one_minute":126339,"minecraft:interact_with_loom":5,"minecraft:open_shulker_box":9,"minecraft:interact_with_campfire":4,"minecraft:bell_ring":2,"minecraft:pot_flower":1,"minecraft:interact_with_stonecutter":1,"minecraft:eat_cake_slice":16,"minecraft:leave_game":2,"minecraft:time_since_death":122225,"minecraft:sleep_in_bed":2,"minecraft:time_since_rest":51951,"minecraft:walk_one_cm":210624,"minecraft:sprint_one_cm":8021,"minecraft:trigger_trapped_chest":1,"minecraft:drop":21,"minecraft:interact_with_beacon":1,"minecraft:fly_one_cm":212768,"minecraft:open_chest":4,"minecraft:crouch_one_cm":1357,"minecraft:deaths":1,"minecraft:sneak_time":1790,"minecraft:interact_with_lectern":36,"minecraft:jump":180,"minecraft:interact_with_brewingstand":2,"minecraft:inspect_dispenser":6},"minecraft:mined":{"minecraft:lime_bed":1},"minecraft:used":{"minecraft:oak_trapdoor":1,"minecraft:water_bucket":1,"minecraft:trident":2,"minecraft:writable_book":44,"minecraft:dropper":5,"minecraft:armor_stand":71,"minecraft:redstone_ore":3,"minecraft:yellow_shulker_box":2,"minecraft:dispenser":5,"minecraft:redstone":505,"minecraft:oak_sign":91,"minecraft:chest":3,"minecraft:sandstone":195,"minecraft:stone":5,"minecraft:composter":1,"minecraft:redstone_block":7,"minecraft:cauldron":1,"minecraft:beacon":2,"minecraft:bell":3,"minecraft:stonecutter":1,"minecraft:farmland":1,"minecraft:debug_stick":29,"minecraft:oak_door":1,"minecraft:brewing_stand":1,"minecraft:music_disc_cat":6,"minecraft:anvil":1,"minecraft:comparator":59,"minecraft:lime_bed":1,"minecraft:tnt":2,"minecraft:hopper":1,"minecraft:loom":2,"minecraft:carrot":1,"minecraft:campfire":1,"minecraft:crossbow":2,"minecraft:bee_nest":2,"minecraft:note_block":4,"minecraft:music_disc_13":1,"minecraft:music_disc_11":2,"minecraft:cake":3,"minecraft:oak_fence_gate":1,"minecraft:redstone_torch":52,"minecraft:piston":1,"minecraft:sticky_piston":16,"minecraft:lever":36,"minecraft:ender_eye":1,"minecraft:flower_pot":1,"minecraft:chipped_anvil":2,"minecraft:daylight_detector":3,"minecraft:command_block":9,"minecraft:heavy_weighted_pressure_plate":1,"minecraft:iron_block":9,"minecraft:light_weighted_pressure_plate":1,"minecraft:string":4,"minecraft:oak_button":6,"minecraft:music_disc_ward":1,"minecraft:stone_button":26,"minecraft:lectern":24,"minecraft:oak_pressure_plate":1,"minecraft:iron_door":2,"minecraft:item_frame":1,"minecraft:tripwire_hook":2,"minecraft:repeater":82,"minecraft:fishing_rod":1,"minecraft:redstone_lamp":29,"minecraft:honeycomb_block":2,"minecraft:snow":3,"minecraft:bow":2,"minecraft:iron_trapdoor":1,"minecraft:furnace":1,"minecraft:repeating_command_block":6,"minecraft:trapped_chest":1,"minecraft:end_portal_frame":2,"minecraft:stone_pressure_plate":1,"minecraft:coarse_dirt":1,"minecraft:observer":17,"minecraft:jukebox":1,"minecraft:bone_meal":2,"minecraft:splash_potion":2,"minecraft:experience_bottle":1},"minecraft:picked_up":{"minecraft:jungle_pressure_plate":1,"minecraft:acacia_pressure_plate":1,"minecraft:music_disc_cat":5,"minecraft:jungle_trapdoor":1,"minecraft:dark_oak_pressure_plate":2,"minecraft:dark_oak_trapdoor":1,"minecraft:birch_pressure_plate":1,"minecraft:oak_sign":2,"minecraft:acacia_trapdoor":1,"minecraft:oak_fence_gate":1,"minecraft:redstone_torch":8,"minecraft:ender_eye":1,"minecraft:sandstone":5,"minecraft:music_disc_13":1,"minecraft:oak_pressure_plate":1,"minecraft:birch_fence_gate":1,"minecraft:stone_button":1,"minecraft:music_disc_11":2,"minecraft:trident":1,"minecraft:redstone":7,"minecraft:tnt":1,"minecraft:firework_rocket":65,"minecraft:spruce_fence_gate":2,"minecraft:music_disc_ward":1,"minecraft:lever":4,"minecraft:writable_book":5,"minecraft:cod":4}},"DataVersion":2230}