{"stats":{"minecraft:picked_up":{"minecraft:redstone_block":2,"minecraft:acacia_pressure_plate":1,"minecraft:elytra":1,"minecraft:jungle_trapdoor":1,"minecraft:music_disc_cat":5,"minecraft:dark_oak_pressure_plate":2,"minecraft:dark_oak_trapdoor":1,"minecraft:cooked_salmon":22,"minecraft:sticky_piston":2,"minecraft:pufferfish":4,"minecraft:oak_sign":7,"minecraft:gold_nugget":1,"minecraft:ender_eye":1,"minecraft:redstone_torch":12,"minecraft:written_book":17,"minecraft:phantom_membrane":4,"minecraft:sandstone":12,"minecraft:porkchop":18,"minecraft:stone_button":6,"minecraft:music_disc_11":2,"minecraft:trident":1,"minecraft:redstone":30,"minecraft:prismarine_crystals":16,"minecraft:yellow_banner":1,"minecraft:cactus":10,"minecraft:tnt":12,"minecraft:arrow":575,"minecraft:command_block":1,"minecraft:rotten_flesh":77,"minecraft:cooked_cod":30,"minecraft:music_disc_ward":1,"minecraft:saddle":15,"minecraft:gold_ingot":41,"minecraft:blaze_rod":1,"minecraft:cod":4,"minecraft:leather_chestplate":2,"minecraft:jungle_pressure_plate":1,"minecraft:music_disc_stal":1,"minecraft:birch_pressure_plate":1,"minecraft:bone":2,"minecraft:acacia_trapdoor":1,"minecraft:wheat_seeds":2,"minecraft:bell":2,"minecraft:heart_of_the_sea":8,"minecraft:oak_fence_gate":1,"minecraft:iron_ingot":82,"minecraft:powered_rail":1,"minecraft:bamboo":78,"minecraft:iron_sword":3,"minecraft:cooked_porkchop":12,"minecraft:sweet_berries":2,"minecraft:music_disc_13":1,"minecraft:oak_pressure_plate":1,"minecraft:birch_fence_gate":1,"minecraft:dead_bush":37,"minecraft:cyan_banner":6,"minecraft:firework_rocket":66,"minecraft:spruce_fence_gate":2,"minecraft:slime_ball":3,"minecraft:diamond":4,"minecraft:honey_block":1,"minecraft:lever":11,"minecraft:writable_book":7,"minecraft:diamond_axe":1,"minecraft:bone_meal":2,"minecraft:emerald":48,"minecraft:oak_sapling":1,"minecraft:coal":1},"minecraft:mined":{"minecraft:redstone_ore":4,"minecraft:lime_bed":1},"minecraft:killed":{"minecraft:giant":4,"minecraft:slime":11,"minecraft:pufferfish":1,"minecraft:phantom":7,"minecraft:bee":1,"minecraft:pig":14,"minecraft:bat":8,"minecraft:zombie":12,"minecraft:wither_skeleton":2,"minecraft:blaze":1},"minecraft:custom":{"minecraft:inspect_dropper":8,"minecraft:mob_kills":63,"minecraft:interact_with_anvil":4,"minecraft:animals_bred":1,"minecraft:inspect_hopper":3,"minecraft:fill_cauldron":1,"minecraft:open_shulker_box":15,"minecraft:interact_with_campfire":4,"minecraft:bell_ring":2,"minecraft:eat_cake_slice":16,"minecraft:leave_game":4,"minecraft:time_since_death":171859,"minecraft:damage_resisted":1880,"minecraft:sprint_one_cm":109177,"minecraft:walk_one_cm":881221,"minecraft:drop":164,"minecraft:damage_dealt_absorbed":718,"minecraft:deaths":11,"minecraft:sneak_time":13065,"minecraft:boat_one_cm":169375,"minecraft:interact_with_lectern":64,"minecraft:jump":1172,"minecraft:interact_with_brewingstand":4,"minecraft:walk_on_water_one_cm":438,"minecraft:interact_with_furnace":5,"minecraft:play_record":11,"minecraft:tune_noteblock":181,"minecraft:play_one_minute":629895,"minecraft:interact_with_loom":5,"minecraft:pot_flower":1,"minecraft:interact_with_stonecutter":1,"minecraft:sleep_in_bed":2,"minecraft:time_since_rest":171885,"minecraft:damage_taken":1779,"minecraft:trigger_trapped_chest":205,"minecraft:minecart_one_cm":15156,"minecraft:damage_dealt":14003,"minecraft:interact_with_beacon":1,"minecraft:fly_one_cm":2107917,"minecraft:player_kills":3,"minecraft:open_chest":20,"minecraft:pig_one_cm":4728,"minecraft:crouch_one_cm":9203,"minecraft:aviate_one_cm":1088175,"minecraft:fall_one_cm":7793,"minecraft:inspect_dispenser":9},"minecraft:used":{"minecraft:oak_trapdoor":3,"minecraft:trident":2,"minecraft:writable_book":59,"minecraft:pufferfish_spawn_egg":3,"minecraft:armor_stand":96,"minecraft:redstone_ore":4,"minecraft:dispenser":6,"minecraft:redstone":615,"minecraft:carrot_on_a_stick":76,"minecraft:oak_sign":187,"minecraft:poppy":1,"minecraft:chest":21,"minecraft:stone":7,"minecraft:zombie_spawn_egg":308,"minecraft:bell":8,"minecraft:player_head":4,"minecraft:structure_block":32,"minecraft:farmland":1,"minecraft:debug_stick":539,"minecraft:oak_door":1,"minecraft:bee_spawn_egg":2,"minecraft:brewing_stand":1,"minecraft:anvil":3,"minecraft:hopper":9,"minecraft:carrot":2,"minecraft:bee_nest":3,"minecraft:music_disc_11":3,"minecraft:music_disc_13":1,"minecraft:milk_bucket":1,"minecraft:oak_fence_gate":1,"minecraft:obsidian":211,"minecraft:jungle_sapling":4,"minecraft:glass":3,"minecraft:honey_block":55,"minecraft:lava_bucket":7,"minecraft:chipped_anvil":2,"minecraft:light_weighted_pressure_plate":1,"minecraft:iron_block":11,"minecraft:grass_block":12,"minecraft:spruce_button":1,"minecraft:slime_block":163,"minecraft:music_disc_ward":1,"minecraft:spawner":2,"minecraft:emerald_block":13,"minecraft:bamboo":50,"minecraft:item_frame":5,"minecraft:repeater":164,"minecraft:honeycomb_block":3,"minecraft:tripwire_hook":2,"minecraft:purple_concrete":35,"minecraft:redstone_lamp":30,"minecraft:bow":2,"minecraft:snow":3,"minecraft:lime_stained_glass":122,"minecraft:sweet_berries":4,"minecraft:written_book":4,"minecraft:iron_trapdoor":1,"minecraft:oak_sapling":8,"minecraft:furnace":1,"minecraft:gold_block":16,"minecraft:trapped_chest":4,"minecraft:cyan_banner":37,"minecraft:stone_pressure_plate":3,"minecraft:observer":100,"minecraft:enchanted_golden_apple":1,"minecraft:wheat_seeds":1,"minecraft:yellow_banner":6,"minecraft:water_bucket":3,"minecraft:jigsaw":1,"minecraft:dropper":5,"minecraft:yellow_shulker_box":2,"minecraft:powered_rail":1,"minecraft:oak_planks":9,"minecraft:cactus":7,"minecraft:sandstone":762,"minecraft:redstone_block":49,"minecraft:composter":1,"minecraft:structure_void":2,"minecraft:cauldron":1,"minecraft:diamond_axe":11,"minecraft:beacon":2,"minecraft:stonecutter":1,"minecraft:sugar_cane":2,"minecraft:gold_ore":4,"minecraft:diamond_block":13,"minecraft:sand":19,"minecraft:music_disc_cat":6,"minecraft:comparator":72,"minecraft:tnt":2,"minecraft:lime_bed":1,"minecraft:loom":2,"minecraft:crossbow":4,"minecraft:campfire":1,"minecraft:note_block":23,"minecraft:cake":3,"minecraft:purple_concrete_powder":8,"minecraft:redstone_torch":81,"minecraft:sticky_piston":119,"minecraft:piston":10,"minecraft:flower_pot":1,"minecraft:lever":70,"minecraft:ender_eye":1,"minecraft:diamond_pickaxe":4,"minecraft:firework_rocket":81,"minecraft:daylight_detector":3,"minecraft:command_block":60,"minecraft:heavy_weighted_pressure_plate":1,"minecraft:string":4,"minecraft:oak_button":6,"minecraft:stone_button":50,"minecraft:lectern":25,"minecraft:cyan_concrete":10,"minecraft:oak_pressure_plate":1,"minecraft:iron_door":6,"minecraft:diamond_sword":82,"minecraft:fishing_rod":1,"minecraft:fire_charge":12,"minecraft:potion":2,"minecraft:pufferfish_bucket":2,"minecraft:cooked_porkchop":1,"minecraft:chain_command_block":33,"minecraft:repeating_command_block":15,"minecraft:end_portal_frame":2,"minecraft:coarse_dirt":2,"minecraft:splash_potion":110,"minecraft:bone_meal":40,"minecraft:jukebox":1,"minecraft:experience_bottle":1},"minecraft:killed_by":{"minecraft:player":1},"minecraft:dropped":{"minecraft:diamond_axe":2,"minecraft:oak_pressure_plate":1,"minecraft:tnt":1,"minecraft:dark_oak_pressure_plate":2,"minecraft:command_block":1,"minecraft:carrot_on_a_stick":122,"minecraft:acacia_trapdoor":1,"minecraft:spruce_fence_gate":2,"minecraft:gold_block":1,"minecraft:dark_oak_trapdoor":1,"minecraft:potion":2,"minecraft:writable_book":2,"minecraft:gold_nugget":1,"minecraft:jigsaw":1,"minecraft:gold_ingot":1,"minecraft:jungle_pressure_plate":1,"minecraft:birch_pressure_plate":1,"minecraft:jungle_trapdoor":1,"minecraft:oak_sign":1,"minecraft:birch_fence_gate":1,"minecraft:diamond_sword":6,"minecraft:oak_fence_gate":1,"minecraft:honey_block":1,"minecraft:hopper":1,"minecraft:chest":3,"minecraft:sandstone":5,"minecraft:acacia_pressure_plate":1}},"DataVersion":2230}