{"stats":{"minecraft:broken":{"minecraft:shield":1},"minecraft:picked_up":{"minecraft:gold_block":1,"minecraft:potion":3,"minecraft:diamond_horse_armor":1,"minecraft:music_disc_cat":1,"minecraft:dirt":3,"minecraft:orange_concrete":4,"minecraft:pufferfish":1,"minecraft:jigsaw":1,"minecraft:oak_sign":5,"minecraft:gold_nugget":1,"minecraft:iron_ingot":17,"minecraft:written_book":17,"minecraft:iron_pickaxe":2,"minecraft:bamboo":7,"minecraft:chest":3,"minecraft:book":1,"minecraft:dark_oak_door":1,"minecraft:sand":3,"minecraft:porkchop":2,"minecraft:stone_button":2,"minecraft:music_disc_11":1,"minecraft:stone_pressure_plate":1,"minecraft:firework_rocket":1,"minecraft:diamond_chestplate":1,"minecraft:rotten_flesh":6,"minecraft:lever":4,"minecraft:writable_book":5,"minecraft:diamond_boots":1,"minecraft:diamond_axe":1,"minecraft:bone_meal":1,"minecraft:gold_ingot":5,"minecraft:saddle":1,"minecraft:golden_horse_armor":1,"minecraft:diamond_pickaxe":2},"minecraft:mined":{"minecraft:glass_pane":1},"minecraft:killed":{"minecraft:pig":4,"minecraft:giant":1,"minecraft:bat":1,"minecraft:bee":1},"minecraft:custom":{"minecraft:interact_with_furnace":2,"minecraft:inspect_dropper":1,"minecraft:mob_kills":10,"minecraft:interact_with_anvil":5,"minecraft:inspect_hopper":2,"minecraft:play_record":2,"minecraft:tune_noteblock":77,"minecraft:play_one_minute":494177,"minecraft:open_shulker_box":14,"minecraft:bell_ring":8,"minecraft:eat_cake_slice":8,"minecraft:leave_game":5,"minecraft:time_since_death":40446,"minecraft:time_since_rest":40474,"minecraft:sprint_one_cm":232944,"minecraft:damage_taken":10190,"minecraft:walk_one_cm":1476500,"minecraft:damage_blocked_by_shield":1554,"minecraft:trigger_trapped_chest":75,"minecraft:drop":39,"minecraft:damage_dealt":615,"minecraft:damage_dealt_absorbed":471,"minecraft:fly_one_cm":2730032,"minecraft:player_kills":1,"minecraft:open_chest":11,"minecraft:pig_one_cm":1538,"minecraft:crouch_one_cm":260959,"minecraft:deaths":11,"minecraft:sneak_time":16250,"minecraft:boat_one_cm":3528449,"minecraft:interact_with_lectern":33,"minecraft:aviate_one_cm":3215498,"minecraft:jump":2224,"minecraft:interact_with_brewingstand":1,"minecraft:walk_on_water_one_cm":593,"minecraft:fall_one_cm":23195,"minecraft:inspect_dispenser":3},"minecraft:used":{"minecraft:yellow_banner":2,"minecraft:trident":1,"minecraft:end_rod":4,"minecraft:writable_book":35,"minecraft:jigsaw":4,"minecraft:orange_concrete":315,"minecraft:carrot_on_a_stick":12,"minecraft:armor_stand":6,"minecraft:red_concrete":349,"minecraft:dispenser":1,"minecraft:redstone":9,"minecraft:diamond_hoe":2,"minecraft:oak_sign":166,"minecraft:ender_pearl":50,"minecraft:white_concrete_powder":1,"minecraft:chest":4,"minecraft:sandstone":471,"minecraft:brown_concrete":73,"minecraft:redstone_block":13,"minecraft:diamond_axe":8,"minecraft:structure_block":1,"minecraft:debug_stick":23,"minecraft:pink_concrete":64,"minecraft:diamond_block":28,"minecraft:sand":1,"minecraft:anvil":1,"minecraft:comparator":2,"minecraft:light_blue_concrete":63,"minecraft:cobblestone_wall":8,"minecraft:crossbow":38,"minecraft:yellow_concrete":20,"minecraft:light_gray_glazed_terracotta":7,"minecraft:note_block":4,"minecraft:gray_concrete":209,"minecraft:cake":2,"minecraft:dark_oak_door":2,"minecraft:obsidian":39,"minecraft:redstone_torch":5,"minecraft:jungle_sapling":1,"minecraft:sticky_piston":7,"minecraft:lever":19,"minecraft:honey_block":7,"minecraft:firework_rocket":2,"minecraft:barrier":257,"minecraft:command_block":68,"minecraft:light_gray_concrete":9,"minecraft:iron_block":25,"minecraft:grass_block":93,"minecraft:cyan_carpet":98,"minecraft:stone_button":38,"minecraft:slime_block":6,"minecraft:lectern":15,"minecraft:cyan_concrete":387,"minecraft:music_disc_stal":2,"minecraft:item_frame":4,"minecraft:bamboo":21,"minecraft:glass_pane":7,"minecraft:repeater":2,"minecraft:purple_concrete":336,"minecraft:diamond_sword":44,"minecraft:redstone_lamp":6,"minecraft:repeating_command_block":2,"minecraft:lime_concrete":311,"minecraft:potion":1,"minecraft:gray_glazed_terracotta":9,"minecraft:trapped_chest":4,"minecraft:written_book":8,"minecraft:emerald_block":3,"minecraft:cyan_banner":21,"minecraft:grass_path":3,"minecraft:gold_block":21,"minecraft:chain_command_block":13,"minecraft:magenta_glazed_terracotta":12,"minecraft:stone_pressure_plate":1,"minecraft:white_concrete":139,"minecraft:observer":1},"minecraft:killed_by":{"minecraft:player":3},"minecraft:dropped":{"minecraft:rotten_flesh":2,"minecraft:book":1,"minecraft:oak_sign":1,"minecraft:carrot_on_a_stick":3,"minecraft:cyan_banner":6,"minecraft:potion":1,"minecraft:yellow_banner":1,"minecraft:writable_book":5,"minecraft:gold_nugget":1,"minecraft:written_book":34}},"DataVersion":2230}