{
  "type": "labstructure:ruins",
  "generator": {
  "type": "minecraft:noise",
  "seed": 1242353425325,
  "settings": {
    "sea_level": 20,
    "bedrock_roof_position": -20,
    "bedrock_floor_position": 1,
    "disable_mob_generation": true,
    "structures": {
      "stronghold": {
        "count": 0
      },
      "structures": {}
    },
    "noise": {
      "top_slide": {
        "target": -5,
        "size": 20,
        "offset": 0
      },
      "bottom_slide": {
        "target": -10,
        "size": 20,
        "offset": 0
      },
      "sampling": {
        "xz_scale": 1.0,
        "xz_factor": 1.0,
        "y_scale": 1.0,
        "y_factor": 1.0
      },
      "height": 256,
      "simplex_surface_noise": true,
      "density_offset": -0.1,
      "density_factor": 0.0,
      "size_vertical": 3,
      "size_horizontal": 3
    },
    "default_block": {
      "Name": "minecraft:stone",
      "Properties": {}
    },
    "default_fluid": {
      "Name": "minecraft:lava",
      "Properties": {"level": "0"}
    }
  },
  "biome_source": {
    "type": "fixed",
    "biome": "minecraft:plains"
  }
  }
}
