{"stats":{"minecraft:picked_up":{"minecraft:redstone_block":1,"minecraft:repeater":23,"minecraft:knowledge_book":3,"minecraft:gunpowder":2,"minecraft:paper":18,"minecraft:sticky_piston":1,"minecraft:oak_sign":21,"minecraft:dark_oak_door":8,"minecraft:stone":41,"minecraft:lava_bucket":1,"minecraft:diorite":1,"minecraft:redstone":9,"minecraft:quartz_block":1,"minecraft:lever":13,"minecraft:oak_sapling":4,"minecraft:nether_star":64},"minecraft:dropped":{"minecraft:lever":1,"minecraft:nether_star":64,"minecraft:sticky_piston":2,"minecraft:lava_bucket":1,"minecraft:stone":83,"minecraft:diorite":1,"minecraft:repeater":2,"minecraft:quartz_block":2,"minecraft:oak_sapling":5,"minecraft:glass":1,"minecraft:paper":50,"minecraft:white_stained_glass":26,"minecraft:netherrack":1,"minecraft:redstone":1},"minecraft:used":{"minecraft:knowledge_book":3,"minecraft:water_bucket":1,"minecraft:iron_bars":10,"minecraft:cobblestone_stairs":4,"minecraft:dropper":1,"minecraft:armor_stand":1,"minecraft:redstone":106,"minecraft:oak_sign":21,"minecraft:stone":1,"minecraft:redstone_block":22,"minecraft:quartz_stairs":157,"minecraft:structure_block":11,"minecraft:netherrack":1,"minecraft:oak_leaves":1,"minecraft:rail":1,"minecraft:anvil":15,"minecraft:comparator":6,"minecraft:hopper":7,"minecraft:shulker_spawn_egg":29,"minecraft:dark_oak_door":3,"minecraft:obsidian":2,"minecraft:redstone_torch":3,"minecraft:sticky_piston":20,"minecraft:glass":492,"minecraft:lever":20,"minecraft:piston":10,"minecraft:sea_lantern":239,"minecraft:lava_bucket":46,"minecraft:command_block":98,"minecraft:iron_block":382,"minecraft:barrier":38,"minecraft:slime_block":11,"minecraft:oak_button":35,"minecraft:string":32,"minecraft:stone_button":5,"minecraft:quartz_block":4023,"minecraft:oak_pressure_plate":1,"minecraft:iron_door":10,"minecraft:item_frame":2,"minecraft:bedrock":62,"minecraft:tripwire_hook":33,"minecraft:glowstone":67,"minecraft:repeater":163,"minecraft:redstone_lamp":2,"minecraft:cobblestone":2,"minecraft:snow":21,"minecraft:white_stained_glass_pane":12,"minecraft:white_stained_glass":687,"minecraft:minecart":1,"minecraft:repeating_command_block":25,"minecraft:stone_pressure_plate":7,"minecraft:white_concrete":116,"minecraft:cooked_beef":5,"minecraft:potato":8,"minecraft:observer":32},"minecraft:custom":{"minecraft:inspect_dropper":4,"minecraft:inspect_hopper":1,"minecraft:play_one_minute":996181,"minecraft:leave_game":16,"minecraft:time_since_death":129401,"minecraft:climb_one_cm":23624,"minecraft:time_since_rest":98263,"minecraft:sprint_one_cm":408646,"minecraft:damage_taken":622640,"minecraft:walk_one_cm":426437,"minecraft:drop":169,"minecraft:damage_dealt":20,"minecraft:minecart_one_cm":350,"minecraft:fly_one_cm":2686614,"minecraft:open_chest":1,"minecraft:crouch_one_cm":29399,"minecraft:deaths":29,"minecraft:sneak_time":40969,"minecraft:walk_under_water_one_cm":5112,"minecraft:jump":2888,"minecraft:walk_on_water_one_cm":15993,"minecraft:fall_one_cm":19727}},"DataVersion":2230}