{"stats":{"minecraft:custom":{"minecraft:time_since_rest":5729,"minecraft:play_one_minute":84167,"minecraft:crouch_one_cm":19003,"minecraft:sprint_one_cm":146659,"minecraft:inspect_dropper":1,"minecraft:damage_taken":141676,"minecraft:deaths":26,"minecraft:walk_one_cm":234832,"minecraft:sneak_time":7231,"minecraft:walk_under_water_one_cm":525,"minecraft:drop":9,"minecraft:jump":780,"minecraft:inspect_hopper":9,"minecraft:leave_game":5,"minecraft:walk_on_water_one_cm":4988,"minecraft:time_since_death":5726,"minecraft:climb_one_cm":14544,"minecraft:fall_one_cm":47890,"minecraft:fly_one_cm":213034,"minecraft:inspect_dispenser":2},"minecraft:used":{"minecraft:bow":186,"minecraft:player_head":4},"minecraft:picked_up":{"minecraft:apple":2,"minecraft:bow":1,"minecraft:granite":1,"minecraft:diorite":1,"minecraft:iron_boots":1,"minecraft:string":1,"minecraft:paper":1},"minecraft:dropped":{"minecraft:granite":1,"minecraft:bow":4,"minecraft:diorite":1,"minecraft:paper":2,"minecraft:string":1}},"DataVersion":2230}