{"stats":{"minecraft:custom":{"minecraft:open_chest":2,"minecraft:time_since_rest":35441,"minecraft:play_one_minute":63619,"minecraft:crouch_one_cm":10662,"minecraft:inspect_dropper":5,"minecraft:sprint_one_cm":189076,"minecraft:walk_one_cm":178677,"minecraft:damage_taken":5509,"minecraft:deaths":8,"minecraft:sneak_time":5444,"minecraft:walk_under_water_one_cm":5155,"minecraft:drop":14,"minecraft:jump":915,"minecraft:inspect_hopper":8,"minecraft:minecart_one_cm":3952,"minecraft:damage_dealt":970,"minecraft:leave_game":1,"minecraft:time_since_death":35438,"minecraft:walk_on_water_one_cm":8358,"minecraft:climb_one_cm":6561,"minecraft:swim_one_cm":3433,"minecraft:tune_noteblock":443,"minecraft:fall_one_cm":35676,"minecraft:fly_one_cm":399910,"minecraft:player_kills":1},"minecraft:picked_up":{"minecraft:apple":27,"minecraft:diorite":1},"minecraft:dropped":{"minecraft:note_block":1,"minecraft:stone":1,"minecraft:apple":7,"minecraft:diorite":1,"minecraft:debug_stick":1,"minecraft:paper":2,"minecraft:pig_spawn_egg":1},"minecraft:killed_by":{"minecraft:player":2},"minecraft:used":{"minecraft:debug_stick":126,"minecraft:black_concrete":1,"minecraft:bow":9,"minecraft:gold_block":1,"minecraft:note_block":6,"minecraft:clay":1}},"DataVersion":2230}