{"stats":{"minecraft:custom":{"minecraft:open_chest":50,"minecraft:time_since_rest":23778,"minecraft:play_one_minute":61501,"minecraft:crouch_one_cm":5805,"minecraft:sprint_one_cm":121489,"minecraft:walk_one_cm":117240,"minecraft:damage_taken":494355,"minecraft:deaths":14,"minecraft:bell_ring":1,"minecraft:sneak_time":3698,"minecraft:walk_under_water_one_cm":1632,"minecraft:drop":5,"minecraft:jump":345,"minecraft:minecart_one_cm":1813,"minecraft:inspect_hopper":9,"minecraft:damage_dealt":354,"minecraft:leave_game":1,"minecraft:time_since_death":23774,"minecraft:walk_on_water_one_cm":4219,"minecraft:climb_one_cm":5155,"minecraft:tune_noteblock":793,"minecraft:swim_one_cm":1042,"minecraft:player_kills":1,"minecraft:fall_one_cm":17583,"minecraft:fly_one_cm":490924,"minecraft:inspect_dispenser":2},"minecraft:picked_up":{"minecraft:arrow":1,"minecraft:apple":6,"minecraft:bow":3,"minecraft:granite":2},"minecraft:dropped":{"minecraft:bow":2,"minecraft:granite":2,"minecraft:paper":1},"minecraft:killed_by":{"minecraft:player":1},"minecraft:used":{"minecraft:debug_stick":52,"minecraft:bow":38,"minecraft:command_block":1,"minecraft:lingering_potion":142}},"DataVersion":2230}