{"stats":{"minecraft:custom":{"minecraft:jump":523,"minecraft:time_since_rest":589,"minecraft:inspect_hopper":1,"minecraft:crouch_one_cm":2999,"minecraft:damage_dealt":1097,"minecraft:play_one_minute":22652,"minecraft:deaths":13,"minecraft:walk_on_water_one_cm":5857,"minecraft:sprint_one_cm":147103,"minecraft:damage_taken":4660,"minecraft:time_since_death":585,"minecraft:walk_one_cm":66408,"minecraft:sneak_time":764,"minecraft:climb_one_cm":6802,"minecraft:drop":4,"minecraft:fall_one_cm":16102,"minecraft:fly_one_cm":71877,"minecraft:player_kills":2,"minecraft:leave_game":1},"minecraft:picked_up":{"minecraft:granite":3},"minecraft:dropped":{"minecraft:paper":1,"minecraft:granite":3},"minecraft:killed_by":{"minecraft:player":1}},"DataVersion":2230}