{"stats":{"minecraft:custom":{"minecraft:time_since_rest":2964,"minecraft:play_one_minute":31651,"minecraft:crouch_one_cm":2876,"minecraft:sprint_one_cm":87323,"minecraft:walk_one_cm":87097,"minecraft:damage_taken":4909,"minecraft:deaths":10,"minecraft:sneak_time":895,"minecraft:walk_under_water_one_cm":2476,"minecraft:drop":14,"minecraft:jump":533,"minecraft:inspect_hopper":11,"minecraft:leave_game":1,"minecraft:time_since_death":2963,"minecraft:walk_on_water_one_cm":2631,"minecraft:climb_one_cm":4281,"minecraft:swim_one_cm":2659,"minecraft:fall_one_cm":21178,"minecraft:fly_one_cm":78682},"minecraft:used":{"minecraft:bow":92},"minecraft:dropped":{"minecraft:granite":1,"minecraft:bow":7,"minecraft:diorite":1,"minecraft:paper":5},"minecraft:picked_up":{"minecraft:apple":1,"minecraft:granite":1,"minecraft:diorite":1}},"DataVersion":2580}