{"stats":{"minecraft:custom":{"minecraft:time_since_rest":21546,"minecraft:open_chest":6,"minecraft:play_one_minute":104151,"minecraft:crouch_one_cm":14544,"minecraft:sprint_one_cm":179151,"minecraft:damage_taken":71566,"minecraft:deaths":19,"minecraft:walk_one_cm":257733,"minecraft:sneak_time":7503,"minecraft:walk_under_water_one_cm":3744,"minecraft:drop":31,"minecraft:jump":876,"minecraft:inspect_hopper":45,"minecraft:damage_dealt":53,"minecraft:leave_game":2,"minecraft:time_since_death":21537,"minecraft:walk_on_water_one_cm":7639,"minecraft:climb_one_cm":7272,"minecraft:swim_one_cm":1675,"minecraft:fall_one_cm":31498,"minecraft:fly_one_cm":334941},"minecraft:killed_by":{"minecraft:player":1},"minecraft:dropped":{"minecraft:apple":1,"minecraft:arrow":7,"minecraft:granite":5,"minecraft:bow":5,"minecraft:diorite":1,"minecraft:paper":25},"minecraft:used":{"minecraft:sticky_piston":3,"minecraft:repeater":2,"minecraft:comparator":1,"minecraft:bow":167,"minecraft:slime_block":1,"minecraft:redstone":7,"minecraft:coarse_dirt":16},"minecraft:picked_up":{"minecraft:apple":13,"minecraft:granite":5,"minecraft:diorite":1,"minecraft:paper":14}},"DataVersion":2580}