{"stats":{"minecraft:custom":{"minecraft:open_chest":23,"minecraft:time_since_rest":38764,"minecraft:play_one_minute":86248,"minecraft:crouch_one_cm":32652,"minecraft:inspect_dropper":11,"minecraft:sprint_one_cm":258212,"minecraft:walk_one_cm":255704,"minecraft:damage_taken":256769,"minecraft:deaths":26,"minecraft:sneak_time":11584,"minecraft:walk_under_water_one_cm":1125,"minecraft:drop":4,"minecraft:jump":796,"minecraft:inspect_hopper":38,"minecraft:leave_game":1,"minecraft:time_since_death":38758,"minecraft:walk_on_water_one_cm":3820,"minecraft:climb_one_cm":5482,"minecraft:swim_one_cm":766,"minecraft:fall_one_cm":69035,"minecraft:fly_one_cm":100383,"minecraft:inspect_dispenser":77},"minecraft:picked_up":{"minecraft:repeater":1,"minecraft:apple":10,"minecraft:granite":2,"minecraft:diorite":1,"minecraft:iron_boots":1,"minecraft:paper":1},"minecraft:used":{"minecraft:bow":268},"minecraft:dropped":{"minecraft:granite":2,"minecraft:diorite":1,"minecraft:paper":1}},"DataVersion":2567}