{"stats":{"minecraft:custom":{"minecraft:jump":419,"minecraft:time_since_rest":8632,"minecraft:leave_game":1,"minecraft:crouch_one_cm":11463,"minecraft:play_one_minute":38464,"minecraft:deaths":19,"minecraft:walk_on_water_one_cm":3768,"minecraft:sprint_one_cm":56295,"minecraft:damage_taken":133935,"minecraft:time_since_death":8626,"minecraft:walk_one_cm":125063,"minecraft:sneak_time":4407,"minecraft:climb_one_cm":11175,"minecraft:drop":7,"minecraft:fall_one_cm":38476,"minecraft:fly_one_cm":28973,"minecraft:inspect_dispenser":6},"minecraft:used":{"minecraft:bow":2},"minecraft:dropped":{"minecraft:paper":1,"minecraft:granite":1,"minecraft:diorite":5},"minecraft:picked_up":{"minecraft:granite":1,"minecraft:diorite":5}},"DataVersion":2580}