{"stats":{"minecraft:picked_up":{"minecraft:sea_pickle":1,"minecraft:potion":1,"minecraft:granite":1,"minecraft:diorite":2},"minecraft:used":{"minecraft:cracked_stone_bricks":3,"minecraft:potion":1,"minecraft:sea_pickle":1,"minecraft:smooth_quartz":15,"minecraft:milk_bucket":2},"minecraft:custom":{"minecraft:time_since_rest":40197,"minecraft:crouch_one_cm":269,"minecraft:play_one_minute":61281,"minecraft:sprint_one_cm":73854,"minecraft:deaths":10,"minecraft:damage_taken":188320,"minecraft:walk_one_cm":68453,"minecraft:sneak_time":288,"minecraft:drop":4,"minecraft:jump":375,"minecraft:leave_game":2,"minecraft:walk_on_water_one_cm":794,"minecraft:time_since_death":40192,"minecraft:climb_one_cm":4212,"minecraft:fall_one_cm":20001,"minecraft:fly_one_cm":175634},"minecraft:dropped":{"minecraft:granite":1,"minecraft:diorite":2,"minecraft:paper":1}},"DataVersion":2230}