{"stats":{"minecraft:custom":{"minecraft:inspect_dropper":54,"minecraft:interact_with_anvil":6,"minecraft:mob_kills":48,"minecraft:inspect_hopper":92,"minecraft:open_shulker_box":43,"minecraft:leave_game":32,"minecraft:time_since_death":53583,"minecraft:climb_one_cm":72177,"minecraft:sprint_one_cm":1823913,"minecraft:walk_one_cm":1920379,"minecraft:drop":317,"minecraft:deaths":70,"minecraft:sneak_time":115166,"minecraft:walk_under_water_one_cm":47794,"minecraft:jump":7822,"minecraft:walk_on_water_one_cm":77855,"minecraft:interact_with_furnace":1,"minecraft:tune_noteblock":383,"minecraft:play_one_minute":3019256,"minecraft:time_since_rest":53586,"minecraft:damage_taken":1495581,"minecraft:damage_dealt":1323,"minecraft:minecart_one_cm":8667,"minecraft:swim_one_cm":25513,"minecraft:fly_one_cm":10965068,"minecraft:open_chest":39,"minecraft:crouch_one_cm":158349,"minecraft:fall_one_cm":154487,"minecraft:inspect_dispenser":79},"minecraft:crafted":{"minecraft:redstone":64},"minecraft:killed":{"minecraft:shulker":2,"minecraft:creeper":1,"minecraft:sheep":37,"minecraft:zombie":1},"minecraft:used":{"minecraft:purpur_block":1,"minecraft:jungle_leaves":1,"minecraft:writable_book":3,"minecraft:iron_bars":69,"minecraft:orange_concrete":2,"minecraft:flint_and_steel":1,"minecraft:dispenser":23,"minecraft:smooth_quartz_slab":27,"minecraft:red_concrete":3,"minecraft:armor_stand":15,"minecraft:redstone":409,"minecraft:poppy":1,"minecraft:ladder":35,"minecraft:oak_sign":83,"minecraft:black_carpet":1,"minecraft:chest":3,"minecraft:white_terracotta":11,"minecraft:stone":145,"minecraft:white_shulker_box":1,"minecraft:quartz_stairs":42,"minecraft:grass":1,"minecraft:mossy_stone_brick_slab":4,"minecraft:player_head":8,"minecraft:debug_stick":356,"minecraft:bee_spawn_egg":2,"minecraft:anvil":4,"minecraft:lily_of_the_valley":2,"minecraft:white_carpet":35,"minecraft:hopper":53,"minecraft:allium":1,"minecraft:oak_wood":1,"minecraft:bee_nest":3,"minecraft:azure_bluet":1,"minecraft:blue_concrete":2,"minecraft:milk_bucket":2,"minecraft:obsidian":12,"minecraft:glass":92,"minecraft:sea_lantern":186,"minecraft:lava_bucket":28,"minecraft:coal_ore":3,"minecraft:bookshelf":1,"minecraft:quartz_pillar":2,"minecraft:black_stained_glass_pane":3,"minecraft:lantern":20,"minecraft:quartz_slab":99,"minecraft:red_wool":9,"minecraft:yellow_stained_glass":2,"minecraft:iron_block":48,"minecraft:grass_block":19,"minecraft:spruce_button":18,"minecraft:polished_andesite_stairs":1,"minecraft:quartz_block":1511,"minecraft:smooth_quartz":143,"minecraft:hopper_minecart":6,"minecraft:stone_brick_stairs":3,"minecraft:stone_bricks":77,"minecraft:item_frame":22,"minecraft:bedrock":16,"minecraft:purple_concrete":2,"minecraft:glowstone":8,"minecraft:repeater":238,"minecraft:redstone_lamp":1,"minecraft:lime_concrete":151,"minecraft:bow":1116,"minecraft:black_stained_glass":394,"minecraft:emerald_block":2,"minecraft:hay_block":15,"minecraft:written_book":1,"minecraft:iron_trapdoor":6,"minecraft:wolf_spawn_egg":1,"minecraft:furnace":1,"minecraft:minecart":2,"minecraft:skeleton_skull":2,"minecraft:stone_pressure_plate":3,"minecraft:observer":14,"minecraft:spider_spawn_egg":31,"minecraft:emerald_ore":1,"minecraft:mossy_stone_bricks":11,"minecraft:water_bucket":22,"minecraft:end_rod":4,"minecraft:cow_spawn_egg":1,"minecraft:light_blue_shulker_box":1,"minecraft:iron_ore":1,"minecraft:dropper":10,"minecraft:infested_stone":17,"minecraft:red_stained_glass":18,"minecraft:powered_rail":31,"minecraft:polished_andesite":1,"minecraft:lime_wool":1,"minecraft:oak_planks":1,"minecraft:ender_pearl":26,"minecraft:mossy_stone_brick_stairs":3,"minecraft:black_shulker_box":22,"minecraft:redstone_block":6,"minecraft:structure_void":171,"minecraft:diamond_axe":1,"minecraft:gold_ore":2,"minecraft:purpur_pillar":2,"minecraft:oak_leaves":9,"minecraft:cracked_stone_bricks":9,"minecraft:smooth_quartz_stairs":5,"minecraft:dark_oak_trapdoor":9,"minecraft:diamond_block":1,"minecraft:rail":19,"minecraft:sand":14,"minecraft:comparator":84,"minecraft:vine":17,"minecraft:light_blue_concrete":70,"minecraft:tnt":1,"minecraft:birch_sign":42,"minecraft:phantom_spawn_egg":18,"minecraft:light_gray_terracotta":6,"minecraft:yellow_concrete":2,"minecraft:crossbow":51,"minecraft:cave_spider_spawn_egg":1,"minecraft:campfire":3,"minecraft:gray_concrete":356,"minecraft:note_block":37,"minecraft:lime_shulker_box":2,"minecraft:shulker_spawn_egg":92,"minecraft:black_concrete_powder":2,"minecraft:end_stone":15,"minecraft:cyan_stained_glass":2,"minecraft:redstone_torch":71,"minecraft:purple_stained_glass":13,"minecraft:sticky_piston":18,"minecraft:black_terracotta":1,"minecraft:green_concrete":2,"minecraft:lever":48,"minecraft:wooden_hoe":3,"minecraft:black_concrete":1012,"minecraft:cornflower":1,"minecraft:oxeye_daisy":2,"minecraft:command_block":153,"minecraft:light_gray_concrete":249,"minecraft:heavy_weighted_pressure_plate":1,"minecraft:oak_button":8,"minecraft:barrier":447,"minecraft:stone_button":27,"minecraft:pig_spawn_egg":28,"minecraft:map":1,"minecraft:tnt_minecart":238,"minecraft:lapis_ore":1,"minecraft:detector_rail":1,"minecraft:magenta_concrete":4,"minecraft:cyan_concrete":2,"minecraft:polished_granite":25,"minecraft:diamond_ore":2,"minecraft:iron_door":16,"minecraft:gravel":2,"minecraft:evoker_spawn_egg":190,"minecraft:coal_block":30,"minecraft:potion":3,"minecraft:white_stained_glass":4,"minecraft:chain_command_block":56,"minecraft:repeating_command_block":134,"minecraft:glass_pane":2,"minecraft:magenta_glazed_terracotta":135,"minecraft:smooth_stone_slab":567,"minecraft:white_concrete":477,"minecraft:dandelion":1,"minecraft:smooth_stone":306,"minecraft:jukebox":1,"minecraft:splash_potion":69},"minecraft:mined":{"minecraft:glass":1},"minecraft:picked_up":{"minecraft:shulker_shell":2,"minecraft:bee_nest":2,"minecraft:turtle_helmet":1,"minecraft:diamond_sword":1,"minecraft:wither_rose":1,"minecraft:potion":4,"minecraft:white_carpet":3,"minecraft:item_frame":3,"minecraft:white_stained_glass":42,"minecraft:cracked_stone_bricks":3,"minecraft:black_shulker_box":1,"minecraft:comparator":1,"minecraft:redstone_torch":2,"minecraft:observer":2,"minecraft:hopper_minecart":1,"minecraft:coal_block":1,"minecraft:iron_boots":6,"minecraft:blue_wool":1,"minecraft:lime_shulker_box":4,"minecraft:black_stained_glass":5,"minecraft:stone":49,"minecraft:stone_button":3,"minecraft:diorite":51,"minecraft:magenta_shulker_box":1,"minecraft:redstone":136,"minecraft:quartz_block":1,"minecraft:arrow":3,"minecraft:mutton":5,"minecraft:rail":1,"minecraft:barrier":5,"minecraft:yellow_shulker_box":1,"minecraft:repeater":14,"minecraft:iron_door":2,"minecraft:water_bucket":1,"minecraft:filled_map":2,"minecraft:gunpowder":1,"minecraft:paper":1,"minecraft:polished_granite":46,"minecraft:glass":3,"minecraft:apple":12,"minecraft:stone_bricks":5,"minecraft:bow":26,"minecraft:mossy_stone_bricks":2,"minecraft:structure_void":1,"minecraft:sand":3,"minecraft:light_blue_shulker_box":1,"minecraft:orange_wool":4,"minecraft:lever":1,"minecraft:granite":18,"minecraft:crossbow":2,"minecraft:diamond_axe":1,"minecraft:birch_sign":1,"minecraft:nether_star":18,"minecraft:wooden_axe":1},"minecraft:dropped":{"minecraft:water_bucket":1,"minecraft:diamond_axe":1,"minecraft:nether_star":3,"minecraft:lime_shulker_box":2,"minecraft:crossbow":3,"minecraft:barrier":5,"minecraft:granite":16,"minecraft:hopper_minecart":1,"minecraft:structure_void":1,"minecraft:item_frame":1,"minecraft:end_rod":1,"minecraft:iron_block":2,"minecraft:diorite":11,"minecraft:wooden_axe":2,"minecraft:yellow_shulker_box":1,"minecraft:potion":1,"minecraft:black_shulker_box":1,"minecraft:writable_book":1,"minecraft:paper":33,"minecraft:black_stained_glass":4,"minecraft:magenta_shulker_box":1,"minecraft:redstone":1,"minecraft:white_carpet":1,"minecraft:iron_boots":7,"minecraft:comparator":1,"minecraft:diamond_sword":1,"minecraft:stone":31,"minecraft:turtle_helmet":1,"minecraft:quartz_block":1,"minecraft:arrow":7,"minecraft:bow":32,"minecraft:glass":3,"minecraft:white_stained_glass":187,"minecraft:polished_granite":2,"minecraft:light_blue_shulker_box":1}},"DataVersion":2230}