{"stats":{"minecraft:custom":{"minecraft:time_since_rest":12794,"minecraft:open_chest":3,"minecraft:crouch_one_cm":6814,"minecraft:play_one_minute":58684,"minecraft:sprint_one_cm":108018,"minecraft:inspect_dropper":3,"minecraft:damage_taken":3521,"minecraft:deaths":5,"minecraft:walk_one_cm":131245,"minecraft:sneak_time":4186,"minecraft:walk_under_water_one_cm":2588,"minecraft:drop":11,"minecraft:jump":541,"minecraft:inspect_hopper":21,"minecraft:leave_game":2,"minecraft:walk_on_water_one_cm":3091,"minecraft:time_since_death":12791,"minecraft:climb_one_cm":4821,"minecraft:swim_one_cm":697,"minecraft:fall_one_cm":30572,"minecraft:tune_noteblock":3,"minecraft:fly_one_cm":511029},"minecraft:used":{"minecraft:apple":2,"minecraft:bow":188,"minecraft:birch_sign":1,"minecraft:gray_concrete":2,"minecraft:smooth_stone":1},"minecraft:picked_up":{"minecraft:apple":4,"minecraft:granite":2,"minecraft:diorite":1,"minecraft:paper":2},"minecraft:dropped":{"minecraft:birch_sign":1,"minecraft:apple":2,"minecraft:magenta_glazed_terracotta":1,"minecraft:granite":2,"minecraft:bow":3,"minecraft:player_head":1,"minecraft:diorite":1}},"DataVersion":2230}