{"stats":{"minecraft:custom":{"minecraft:animals_bred":1,"minecraft:interact_with_crafting_table":4,"minecraft:open_barrel":4,"minecraft:open_shulker_box":54,"minecraft:bell_ring":25,"minecraft:leave_game":93,"minecraft:time_since_death":124734,"minecraft:sprint_one_cm":1644997,"minecraft:drop":1003,"minecraft:deaths":111,"minecraft:jump":10716,"minecraft:walk_on_water_one_cm":67172,"minecraft:play_one_minute":4812439,"minecraft:damage_dealt":9797,"minecraft:crouch_one_cm":151989,"minecraft:inspect_dispenser":62,"minecraft:inspect_dropper":29,"minecraft:interact_with_anvil":6,"minecraft:mob_kills":126,"minecraft:inspect_hopper":72,"minecraft:climb_one_cm":120807,"minecraft:walk_one_cm":4689503,"minecraft:sneak_time":144363,"minecraft:walk_under_water_one_cm":28696,"minecraft:boat_one_cm":9503,"minecraft:tune_noteblock":251,"minecraft:time_since_rest":124740,"minecraft:damage_taken":858339,"minecraft:minecart_one_cm":20308,"minecraft:swim_one_cm":12828,"minecraft:fly_one_cm":12854609,"minecraft:open_chest":22,"minecraft:fall_one_cm":214875},"minecraft:killed":{"minecraft:cave_spider":1,"minecraft:spider":2,"minecraft:shulker":7,"minecraft:skeleton":4,"minecraft:creeper":2,"minecraft:sheep":47,"minecraft:zombie":26,"minecraft:drowned":1},"minecraft:used":{"minecraft:writable_book":4,"minecraft:smooth_quartz_slab":4,"minecraft:ladder":8,"minecraft:dispenser":8,"minecraft:poppy":9,"minecraft:carrot_on_a_stick":14,"minecraft:bone_block":1,"minecraft:oak_sign":251,"minecraft:chest":15,"minecraft:white_terracotta":1,"minecraft:stone":8,"minecraft:white_shulker_box":1,"minecraft:quartz_stairs":261,"minecraft:bell":6,"minecraft:player_head":19,"minecraft:mossy_stone_brick_slab":1,"minecraft:debug_stick":1192,"minecraft:nether_bricks":17,"minecraft:snowball":318,"minecraft:obsidian":52,"minecraft:honey_bottle":2,"minecraft:glass":1051,"minecraft:packed_ice":39,"minecraft:lava_bucket":21,"minecraft:quartz_pillar":20,"minecraft:quartz_slab":16,"minecraft:lantern":18,"minecraft:grass_block":9,"minecraft:polished_andesite_stairs":1,"minecraft:quartz_block":7182,"minecraft:hopper_minecart":14,"minecraft:stone_brick_stairs":6,"minecraft:stone_bricks":48,"minecraft:item_frame":8,"minecraft:bedrock":24,"minecraft:dolphin_spawn_egg":27,"minecraft:repeater":284,"minecraft:redstone_lamp":11,"minecraft:snow":1,"minecraft:bow":1281,"minecraft:hay_block":2,"minecraft:written_book":2,"minecraft:scaffolding":2,"minecraft:gray_bed":1,"minecraft:gold_block":17,"minecraft:skeleton_skull":66,"minecraft:magenta_shulker_box":1,"minecraft:spider_spawn_egg":51,"minecraft:emerald_ore":3,"minecraft:mossy_stone_bricks":37,"minecraft:cow_spawn_egg":1,"minecraft:dropper":6,"minecraft:infested_stone":15,"minecraft:red_stained_glass":2,"minecraft:chorus_fruit":8,"minecraft:powered_rail":89,"minecraft:oak_planks":2,"minecraft:ender_pearl":40,"minecraft:mossy_stone_brick_stairs":6,"minecraft:redstone_block":30,"minecraft:structure_void":1,"minecraft:diamond_axe":3,"minecraft:clay":1,"minecraft:oak_leaves":192,"minecraft:smooth_quartz_stairs":6,"minecraft:dark_oak_trapdoor":1,"minecraft:sand":15,"minecraft:light_blue_concrete":8,"minecraft:light_gray_terracotta":86,"minecraft:crossbow":12,"minecraft:cave_spider_spawn_egg":3,"minecraft:chiseled_quartz_block":4,"minecraft:gray_concrete":314,"minecraft:note_block":23,"minecraft:shulker_spawn_egg":33,"minecraft:black_concrete_powder":2,"minecraft:end_stone":1,"minecraft:black_terracotta":6,"minecraft:creeper_spawn_egg":106,"minecraft:redstone_torch":48,"minecraft:sticky_piston":29,"minecraft:lever":130,"minecraft:black_concrete":114,"minecraft:light_gray_concrete":74,"minecraft:heavy_weighted_pressure_plate":3,"minecraft:string":16,"minecraft:barrier":177,"minecraft:stone_button":88,"minecraft:polished_granite":1,"minecraft:oak_pressure_plate":3,"minecraft:iron_door":12,"minecraft:cat_spawn_egg":48,"minecraft:evoker_spawn_egg":100,"minecraft:diamond_sword":62,"minecraft:coal_block":17,"minecraft:white_stained_glass":291,"minecraft:ice":6,"minecraft:pink_stained_glass":2,"minecraft:smooth_stone_slab":486,"minecraft:white_concrete":1131,"minecraft:coarse_dirt":1,"minecraft:experience_bottle":911,"minecraft:cobweb":15,"minecraft:oak_fence":27,"minecraft:oak_trapdoor":3,"minecraft:purpur_block":1,"minecraft:trident":1,"minecraft:iron_bars":3,"minecraft:flint_and_steel":24,"minecraft:red_concrete":3,"minecraft:armor_stand":7,"minecraft:redstone":271,"minecraft:structure_block":22,"minecraft:netherrack":693,"minecraft:oak_door":2,"minecraft:bee_spawn_egg":10,"minecraft:torch":5,"minecraft:dirt":51,"minecraft:anvil":21,"minecraft:hopper":7,"minecraft:cobblestone_wall":6,"minecraft:bee_nest":4,"minecraft:granite":1,"minecraft:sea_lantern":535,"minecraft:chipped_anvil":1,"minecraft:iron_block":141,"minecraft:spruce_button":4,"minecraft:slime_block":6,"minecraft:smooth_quartz":732,"minecraft:barrel":2,"minecraft:blaze_spawn_egg":3,"minecraft:tripwire_hook":6,"minecraft:glowstone":24,"minecraft:lime_concrete":19,"minecraft:black_stained_glass":32,"minecraft:emerald_block":24,"minecraft:iron_trapdoor":1,"minecraft:minecart":11,"minecraft:drowned_spawn_egg":2,"minecraft:stone_pressure_plate":12,"minecraft:observer":21,"minecraft:knowledge_book":4,"minecraft:water_bucket":479,"minecraft:snow_block":1,"minecraft:yellow_shulker_box":1,"minecraft:lead":1,"minecraft:black_shulker_box":3,"minecraft:cracked_stone_bricks":24,"minecraft:diamond_block":7,"minecraft:rail":41,"minecraft:comparator":38,"minecraft:vine":412,"minecraft:crafting_table":1,"minecraft:red_bed":1,"minecraft:phantom_spawn_egg":47,"minecraft:birch_sign":1,"minecraft:campfire":3,"minecraft:lime_shulker_box":4,"minecraft:painting":61,"minecraft:dark_oak_door":1,"minecraft:oak_log":3,"minecraft:piston":2,"minecraft:ender_eye":12,"minecraft:apple":5,"minecraft:diamond_shovel":1,"minecraft:command_block":276,"minecraft:oak_button":5,"minecraft:pig_spawn_egg":163,"minecraft:spruce_pressure_plate":1,"minecraft:detector_rail":3,"minecraft:spruce_trapdoor":1,"minecraft:cobblestone":2,"minecraft:potion":17,"minecraft:red_concrete_powder":1,"minecraft:glass_pane":45,"minecraft:bucket":2,"minecraft:chain_command_block":71,"minecraft:grass_path":3,"minecraft:magenta_glazed_terracotta":40,"minecraft:repeating_command_block":390,"minecraft:end_portal_frame":21,"minecraft:gray_wool":1,"minecraft:smooth_stone":15},"minecraft:mined":{"minecraft:red_bed":1,"minecraft:glass":2,"minecraft:gray_bed":1},"minecraft:picked_up":{"minecraft:shulker_shell":1,"minecraft:flower_pot":1,"minecraft:anvil":1,"minecraft:lead":1,"minecraft:diamond_sword":1,"minecraft:knowledge_book":1,"minecraft:string":1,"minecraft:oak_sign":5,"minecraft:smooth_stone":1,"minecraft:black_shulker_box":1,"minecraft:coal_block":2,"minecraft:iron_boots":1,"minecraft:cyan_stained_glass":1,"minecraft:diorite":33,"minecraft:blue_stained_glass":1,"minecraft:quartz_block":558,"minecraft:rotten_flesh":21,"minecraft:iron_block":1,"minecraft:snowball":3,"minecraft:repeater":15,"minecraft:iron_door":1,"minecraft:chiseled_quartz_block":3,"minecraft:purple_stained_glass":1,"minecraft:polished_granite":82,"minecraft:leather_boots":1,"minecraft:glass":66,"minecraft:bone":4,"minecraft:bow":13,"minecraft:bell":2,"minecraft:powered_rail":11,"minecraft:honeycomb":3,"minecraft:structure_void":1,"minecraft:light_blue_shulker_box":1,"minecraft:diamond_block":1,"minecraft:orange_wool":2,"minecraft:lever":19,"minecraft:writable_book":1,"minecraft:crossbow":1,"minecraft:granite":84,"minecraft:spruce_button":2,"minecraft:netherrack":2,"minecraft:nether_star":6,"minecraft:firework_star":5,"minecraft:gold_block":1,"minecraft:orange_stained_glass":1,"minecraft:elytra":1,"minecraft:snow":1,"minecraft:white_stained_glass":10,"minecraft:player_head":4,"minecraft:quartz_stairs":4,"minecraft:lime_shulker_box":4,"minecraft:black_stained_glass":35,"minecraft:stone":218,"minecraft:note_block":2,"minecraft:stone_button":5,"minecraft:magenta_shulker_box":1,"minecraft:redstone":18,"minecraft:prismarine_crystals":2,"minecraft:repeating_command_block":3,"minecraft:arrow":6,"minecraft:white_shulker_box":10,"minecraft:mutton":4,"minecraft:rail":6,"minecraft:skeleton_skull":16,"minecraft:lime_stained_glass":1,"minecraft:yellow_shulker_box":1,"minecraft:carrot_on_a_stick":2,"minecraft:filled_map":1,"minecraft:gunpowder":128,"minecraft:paper":72,"minecraft:apple":9,"minecraft:yellow_stained_glass":1,"minecraft:magenta_stained_glass":1,"minecraft:glass_bottle":1,"minecraft:scaffolding":1,"minecraft:green_stained_glass":1,"minecraft:sea_lantern":1,"minecraft:spider_eye":1,"minecraft:red_stained_glass":5,"minecraft:slime_ball":1,"minecraft:diamond_axe":2,"minecraft:birch_sign":1,"minecraft:oak_button":1,"minecraft:ender_pearl":10,"minecraft:wooden_axe":1},"minecraft:dropped":{"minecraft:shulker_spawn_egg":5,"minecraft:repeating_command_block":24,"minecraft:diamond_axe":3,"minecraft:oak_pressure_plate":2,"minecraft:oak_log":1,"minecraft:chorus_fruit":1,"minecraft:glass_bottle":1,"minecraft:ender_pearl":10,"minecraft:nether_star":3,"minecraft:crafting_table":1,"minecraft:lime_stained_glass":2,"minecraft:spider_spawn_egg":1,"minecraft:cracked_stone_bricks":1,"minecraft:saddle":1,"minecraft:elytra":1,"minecraft:rail":1,"minecraft:carrot_on_a_stick":2,"minecraft:structure_void":1,"minecraft:dirt":1,"minecraft:gray_concrete":3,"minecraft:stone_button":4,"minecraft:dispenser":2,"minecraft:snowball":5,"minecraft:writable_book":1,"minecraft:white_stained_glass_pane":2,"minecraft:gold_nugget":2,"minecraft:black_concrete":2,"minecraft:black_stained_glass":45,"minecraft:armor_stand":1,"minecraft:oak_door":1,"minecraft:dark_oak_door":1,"minecraft:magenta_stained_glass":2,"minecraft:lever":85,"minecraft:diamond_block":2,"minecraft:detector_rail":1,"minecraft:pig_spawn_egg":4,"minecraft:obsidian":1,"minecraft:black_terracotta":1,"minecraft:rotten_flesh":13,"minecraft:yellow_stained_glass":2,"minecraft:orange_stained_glass":2,"minecraft:blue_stained_glass":2,"minecraft:firework_star":2,"minecraft:shulker_shell":1,"minecraft:sea_lantern":4,"minecraft:gunpowder":91,"minecraft:skeleton_skull":28,"minecraft:dropper":1,"minecraft:quartz_block":63,"minecraft:glowstone":1,"minecraft:chest":1,"minecraft:arrow":2,"minecraft:powered_rail":11,"minecraft:glass":76,"minecraft:chain_command_block":6,"minecraft:polished_granite":17,"minecraft:netherrack":6,"minecraft:green_stained_glass":2,"minecraft:water_bucket":1,"minecraft:red_concrete_powder":1,"minecraft:cyan_stained_glass":2,"minecraft:drowned_spawn_egg":1,"minecraft:oak_fence":1,"minecraft:barrier":6,"minecraft:knowledge_book":5,"minecraft:apple":1,"minecraft:granite":189,"minecraft:hopper_minecart":1,"minecraft:command_block":8,"minecraft:red_stained_glass":7,"minecraft:acacia_trapdoor":64,"minecraft:coal_block":3,"minecraft:stick":1,"minecraft:lava_bucket":4,"minecraft:iron_block":3,"minecraft:bee_spawn_egg":1,"minecraft:diorite":151,"minecraft:ink_sac":1,"minecraft:torch":64,"minecraft:repeater":12,"minecraft:white_concrete":5,"minecraft:smooth_quartz":9,"minecraft:iron_door":3,"minecraft:potion":4,"minecraft:iron_axe":1,"minecraft:chipped_anvil":1,"minecraft:smooth_stone":3,"minecraft:paper":227,"minecraft:spruce_sapling":64,"minecraft:redstone_block":1,"minecraft:redstone":14,"minecraft:anvil":5,"minecraft:player_head":1,"minecraft:chiseled_quartz_block":3,"minecraft:smooth_stone_slab":3,"minecraft:light_gray_terracotta":1,"minecraft:lime_concrete":1,"minecraft:sticky_piston":1,"minecraft:experience_bottle":1,"minecraft:iron_boots":1,"minecraft:comparator":3,"minecraft:slime_block":1,"minecraft:phantom_spawn_egg":1,"minecraft:dolphin_spawn_egg":1,"minecraft:light_gray_concrete":1,"minecraft:white_shulker_box":8,"minecraft:debug_stick":1,"minecraft:nether_bricks":2,"minecraft:oak_sign":10,"minecraft:glass_pane":1,"minecraft:purple_stained_glass":2,"minecraft:filled_map":2,"minecraft:diamond_sword":9,"minecraft:snow":130,"minecraft:stone":148,"minecraft:flower_pot":2,"minecraft:sea_pickle":1,"minecraft:oak_button":1,"minecraft:spruce_trapdoor":1,"minecraft:quartz_stairs":7,"minecraft:mossy_stone_bricks":1,"minecraft:cat_spawn_egg":1,"minecraft:redstone_torch":4,"minecraft:stone_pressure_plate":1,"minecraft:stone_bricks":1,"minecraft:slime_ball":1,"minecraft:bow":32,"minecraft:bell":3,"minecraft:white_stained_glass":108,"minecraft:brick":1}},"DataVersion":2230}