{"stats":{"minecraft:custom":{"minecraft:inspect_dropper":9,"minecraft:inspect_hopper":1,"minecraft:tune_noteblock":22,"minecraft:play_one_minute":1307927,"minecraft:leave_game":27,"minecraft:time_since_death":441147,"minecraft:climb_one_cm":30319,"minecraft:time_since_rest":410009,"minecraft:sprint_one_cm":469905,"minecraft:damage_taken":623050,"minecraft:walk_one_cm":600096,"minecraft:drop":172,"minecraft:minecart_one_cm":350,"minecraft:damage_dealt":20,"minecraft:swim_one_cm":2922,"minecraft:fly_one_cm":4908393,"minecraft:open_chest":23,"minecraft:crouch_one_cm":47151,"minecraft:deaths":29,"minecraft:sneak_time":58782,"minecraft:walk_under_water_one_cm":7818,"minecraft:jump":3788,"minecraft:walk_on_water_one_cm":17637,"minecraft:fall_one_cm":24252},"minecraft:picked_up":{"minecraft:redstone_block":1,"minecraft:repeater":23,"minecraft:knowledge_book":3,"minecraft:ancient_debris":1,"minecraft:gunpowder":2,"minecraft:paper":18,"minecraft:sticky_piston":1,"minecraft:oak_sign":21,"minecraft:apple":5,"minecraft:player_head":3,"minecraft:iron_nugget":9,"minecraft:dark_oak_door":8,"minecraft:stone":41,"minecraft:lava_bucket":1,"minecraft:diorite":1,"minecraft:redstone":9,"minecraft:spectral_arrow":16,"minecraft:quartz_block":1,"minecraft:lever":13,"minecraft:oak_sapling":4,"minecraft:nether_star":64},"minecraft:used":{"minecraft:knowledge_book":3,"minecraft:water_bucket":1,"minecraft:polished_blackstone_brick_slab":14,"minecraft:end_rod":3,"minecraft:iron_bars":45,"minecraft:jigsaw":2,"minecraft:cobblestone_stairs":4,"minecraft:dropper":1,"minecraft:lodestone":23,"minecraft:flint_and_steel":11,"minecraft:armor_stand":1,"minecraft:redstone":111,"minecraft:polished_blackstone":30,"minecraft:ladder":4,"minecraft:oak_sign":21,"minecraft:blackstone":52,"minecraft:chest":4,"minecraft:stone":16,"minecraft:redstone_block":24,"minecraft:structure_void":371,"minecraft:quartz_stairs":467,"minecraft:structure_block":46,"minecraft:gilded_blackstone":16,"minecraft:netherrack":1,"minecraft:polished_blackstone_bricks":49,"minecraft:oak_leaves":1,"minecraft:anvil":15,"minecraft:dirt":131,"minecraft:rail":1,"minecraft:comparator":6,"minecraft:oak_slab":13,"minecraft:hopper":7,"minecraft:birch_sign":7,"minecraft:phantom_spawn_egg":6,"minecraft:chiseled_quartz_block":46,"minecraft:blackstone_wall":3,"minecraft:note_block":2,"minecraft:shulker_spawn_egg":29,"minecraft:gray_concrete":661,"minecraft:dark_oak_door":3,"minecraft:obsidian":2,"minecraft:redstone_torch":3,"minecraft:sticky_piston":21,"minecraft:glass":887,"minecraft:piston":10,"minecraft:lever":20,"minecraft:black_concrete":14,"minecraft:sea_lantern":239,"minecraft:cyan_terracotta":2,"minecraft:lava_bucket":143,"minecraft:quartz_pillar":120,"minecraft:iron_block":419,"minecraft:string":32,"minecraft:command_block":98,"minecraft:light_gray_concrete":688,"minecraft:quartz_slab":134,"minecraft:lantern":1,"minecraft:grass_block":345,"minecraft:slime_block":11,"minecraft:oak_button":35,"minecraft:barrier":38,"minecraft:stone_button":5,"minecraft:quartz_block":4261,"minecraft:polished_blackstone_brick_stairs":10,"minecraft:oak_pressure_plate":1,"minecraft:smooth_quartz":142,"minecraft:iron_door":10,"minecraft:barrel":1,"minecraft:soul_lantern":2,"minecraft:item_frame":2,"minecraft:bedrock":62,"minecraft:tripwire_hook":33,"minecraft:repeater":167,"minecraft:glowstone":84,"minecraft:snow":21,"minecraft:redstone_lamp":2,"minecraft:cobblestone":13,"minecraft:bow":137,"minecraft:black_stained_glass":76,"minecraft:soul_soil":9,"minecraft:white_stained_glass_pane":12,"minecraft:white_stained_glass":687,"minecraft:minecart":1,"minecraft:chain":24,"minecraft:ice":2,"minecraft:repeating_command_block":25,"minecraft:smooth_stone_slab":3,"minecraft:skeleton_skull":4,"minecraft:coarse_dirt":93,"minecraft:stone_pressure_plate":8,"minecraft:white_concrete":879,"minecraft:cooked_beef":5,"minecraft:potato":8,"minecraft:observer":32,"minecraft:cobweb":6},"minecraft:dropped":{"minecraft:lever":1,"minecraft:nether_star":64,"minecraft:sticky_piston":2,"minecraft:lava_bucket":1,"minecraft:stone":83,"minecraft:diorite":1,"minecraft:repeater":2,"minecraft:quartz_stairs":1,"minecraft:quartz_block":3,"minecraft:oak_sapling":5,"minecraft:glass":1,"minecraft:paper":50,"minecraft:white_stained_glass":26,"minecraft:netherrack":1,"minecraft:redstone":2}},"DataVersion":2567}