{"stats":{"minecraft:killed_by":{"minecraft:player":1},"minecraft:dropped":{"minecraft:granite":1,"minecraft:diorite":1,"minecraft:paper":2,"minecraft:glass_bottle":3},"minecraft:used":{"minecraft:potion":3,"minecraft:bow":101,"minecraft:splash_potion":2},"minecraft:picked_up":{"minecraft:splash_potion":1,"minecraft:apple":4,"minecraft:potion":5,"minecraft:granite":1,"minecraft:diorite":1,"minecraft:paper":2},"minecraft:custom":{"minecraft:time_since_rest":2007,"minecraft:open_shulker_box":1,"minecraft:damage_absorbed":10080,"minecraft:play_one_minute":49041,"minecraft:crouch_one_cm":11252,"minecraft:inspect_dropper":1,"minecraft:sprint_one_cm":176664,"minecraft:walk_one_cm":89835,"minecraft:damage_taken":63036962,"minecraft:deaths":10,"minecraft:sneak_time":2960,"minecraft:walk_under_water_one_cm":232,"minecraft:drop":7,"minecraft:jump":655,"minecraft:inspect_hopper":27,"minecraft:leave_game":1,"minecraft:time_since_death":1994,"minecraft:walk_on_water_one_cm":4672,"minecraft:climb_one_cm":2590,"minecraft:damage_resisted":125952000,"minecraft:swim_one_cm":3789,"minecraft:fall_one_cm":33977,"minecraft:fly_one_cm":121250,"minecraft:inspect_dispenser":3}},"DataVersion":2567}