{"stats":{"minecraft:used":{"minecraft:purpur_block":1,"minecraft:jungle_leaves":1,"minecraft:writable_book":3,"minecraft:iron_bars":75,"minecraft:orange_concrete":2,"minecraft:flint_and_steel":1,"minecraft:armor_stand":15,"minecraft:dispenser":23,"minecraft:smooth_quartz_slab":33,"minecraft:red_concrete":3,"minecraft:redstone":465,"minecraft:poppy":1,"minecraft:ladder":40,"minecraft:oak_sign":117,"minecraft:black_carpet":1,"minecraft:chest":3,"minecraft:white_terracotta":11,"minecraft:stone":145,"minecraft:white_shulker_box":1,"minecraft:warped_sign":1,"minecraft:quartz_stairs":42,"minecraft:grass":1,"minecraft:player_head":30,"minecraft:mossy_stone_brick_slab":4,"minecraft:debug_stick":379,"minecraft:bee_spawn_egg":2,"minecraft:lily_of_the_valley":2,"minecraft:anvil":4,"minecraft:target":1,"minecraft:white_carpet":35,"minecraft:hopper":56,"minecraft:oak_wood":1,"minecraft:allium":1,"minecraft:bee_nest":4,"minecraft:azure_bluet":1,"minecraft:blue_concrete":2,"minecraft:obsidian":12,"minecraft:milk_bucket":2,"minecraft:glass":99,"minecraft:sea_lantern":187,"minecraft:lava_bucket":29,"minecraft:black_stained_glass_pane":3,"minecraft:coal_ore":3,"minecraft:bookshelf":2,"minecraft:quartz_pillar":15,"minecraft:yellow_stained_glass":2,"minecraft:light_weighted_pressure_plate":3,"minecraft:quartz_slab":100,"minecraft:red_wool":9,"minecraft:lantern":20,"minecraft:iron_block":118,"minecraft:grass_block":19,"minecraft:spruce_button":18,"minecraft:spawner":1,"minecraft:polished_andesite_stairs":14,"minecraft:quartz_block":1652,"minecraft:smooth_quartz":143,"minecraft:hopper_minecart":6,"minecraft:stone_brick_stairs":4,"minecraft:stone_bricks":77,"minecraft:item_frame":22,"minecraft:bedrock":32,"minecraft:purple_concrete":2,"minecraft:glowstone":8,"minecraft:repeater":266,"minecraft:redstone_lamp":1,"minecraft:lime_concrete":167,"minecraft:bow":1396,"minecraft:black_stained_glass":428,"minecraft:emerald_block":2,"minecraft:hay_block":15,"minecraft:written_book":1,"minecraft:iron_trapdoor":9,"minecraft:wolf_spawn_egg":1,"minecraft:furnace":1,"minecraft:minecart":2,"minecraft:skeleton_skull":2,"minecraft:stone_pressure_plate":6,"minecraft:observer":14,"minecraft:spider_spawn_egg":45,"minecraft:quartz_bricks":5,"minecraft:emerald_ore":1,"minecraft:iron_ore":1,"minecraft:water_bucket":23,"minecraft:mossy_stone_bricks":12,"minecraft:jigsaw":1,"minecraft:end_rod":7,"minecraft:light_blue_shulker_box":1,"minecraft:cow_spawn_egg":1,"minecraft:lodestone":1,"minecraft:dropper":10,"minecraft:red_stained_glass":21,"minecraft:infested_stone":17,"minecraft:powered_rail":31,"minecraft:polished_andesite":1,"minecraft:lime_wool":1,"minecraft:oak_planks":1,"minecraft:ender_pearl":26,"minecraft:mossy_stone_brick_stairs":3,"minecraft:black_shulker_box":22,"minecraft:redstone_block":6,"minecraft:structure_void":171,"minecraft:diamond_axe":1,"minecraft:gold_ore":2,"minecraft:purpur_pillar":2,"minecraft:smooth_quartz_stairs":5,"minecraft:cracked_stone_bricks":9,"minecraft:oak_leaves":9,"minecraft:respawn_anchor":3,"minecraft:polished_blackstone_pressure_plate":1,"minecraft:dark_oak_trapdoor":9,"minecraft:diamond_block":1,"minecraft:sand":14,"minecraft:rail":19,"minecraft:comparator":88,"minecraft:vine":17,"minecraft:light_blue_concrete":70,"minecraft:tnt":1,"minecraft:birch_sign":42,"minecraft:phantom_spawn_egg":26,"minecraft:light_gray_terracotta":6,"minecraft:yellow_concrete":2,"minecraft:crossbow":51,"minecraft:campfire":3,"minecraft:cave_spider_spawn_egg":1,"minecraft:shulker_spawn_egg":92,"minecraft:blackstone_wall":14,"minecraft:note_block":38,"minecraft:lime_shulker_box":2,"minecraft:gray_concrete":610,"minecraft:black_concrete_powder":2,"minecraft:end_stone":15,"minecraft:cyan_stained_glass":2,"minecraft:black_terracotta":1,"minecraft:purple_stained_glass":13,"minecraft:redstone_torch":87,"minecraft:sticky_piston":21,"minecraft:piston":5,"minecraft:wooden_hoe":3,"minecraft:green_concrete":2,"minecraft:lever":50,"minecraft:black_concrete":1087,"minecraft:cornflower":1,"minecraft:oxeye_daisy":2,"minecraft:crying_obsidian":11,"minecraft:stone_button":32,"minecraft:command_block":167,"minecraft:light_gray_concrete":281,"minecraft:heavy_weighted_pressure_plate":3,"minecraft:map":1,"minecraft:oak_button":11,"minecraft:barrier":449,"minecraft:pig_spawn_egg":28,"minecraft:lapis_ore":1,"minecraft:tnt_minecart":238,"minecraft:detector_rail":1,"minecraft:magenta_concrete":4,"minecraft:cyan_concrete":2,"minecraft:polished_granite":25,"minecraft:diamond_ore":2,"minecraft:iron_door":22,"minecraft:gravel":2,"minecraft:blackstone_slab":7,"minecraft:evoker_spawn_egg":190,"minecraft:coal_block":30,"minecraft:potion":3,"minecraft:magenta_glazed_terracotta":191,"minecraft:white_stained_glass":5,"minecraft:chain_command_block":57,"minecraft:chain":8,"minecraft:glass_pane":4,"minecraft:repeating_command_block":135,"minecraft:smooth_stone_slab":646,"minecraft:white_concrete":652,"minecraft:dandelion":1,"minecraft:jukebox":1,"minecraft:smooth_stone":352,"minecraft:splash_potion":69,"minecraft:gray_stained_glass":3},"minecraft:mined":{"minecraft:red_stained_glass":3,"minecraft:glass":1},"minecraft:killed":{"minecraft:shulker":2,"minecraft:creeper":1,"minecraft:sheep":37,"minecraft:zombie":1},"minecraft:custom":{"minecraft:inspect_dropper":73,"minecraft:mob_kills":48,"minecraft:interact_with_anvil":6,"minecraft:inspect_hopper":155,"minecraft:open_barrel":2,"minecraft:open_shulker_box":45,"minecraft:leave_game":37,"minecraft:time_since_death":5767,"minecraft:climb_one_cm":85436,"minecraft:sprint_one_cm":2177937,"minecraft:walk_one_cm":2308985,"minecraft:drop":363,"minecraft:talked_to_villager":2,"minecraft:target_hit":2,"minecraft:deaths":80,"minecraft:sneak_time":136402,"minecraft:walk_under_water_one_cm":61710,"minecraft:jump":9546,"minecraft:walk_on_water_one_cm":97626,"minecraft:interact_with_furnace":1,"minecraft:tune_noteblock":407,"minecraft:play_one_minute":3498703,"minecraft:time_since_rest":5773,"minecraft:damage_taken":1500631,"minecraft:minecart_one_cm":8667,"minecraft:damage_dealt":1333,"minecraft:swim_one_cm":31988,"minecraft:fly_one_cm":12932317,"minecraft:open_chest":63,"minecraft:crouch_one_cm":200777,"minecraft:fall_one_cm":202940,"minecraft:inspect_dispenser":97},"minecraft:picked_up":{"minecraft:wooden_axe":1,"minecraft:bee_nest":2,"minecraft:structure_block":1,"minecraft:turtle_helmet":1,"minecraft:diamond_sword":1,"minecraft:potion":4,"minecraft:wither_rose":1,"minecraft:white_stained_glass":42,"minecraft:item_frame":3,"minecraft:white_carpet":3,"minecraft:oak_sign":1,"minecraft:cracked_stone_bricks":3,"minecraft:black_shulker_box":1,"minecraft:smooth_stone":7,"minecraft:comparator":1,"minecraft:redstone_torch":3,"minecraft:observer":2,"minecraft:player_head":1,"minecraft:hopper_minecart":1,"minecraft:coal_block":1,"minecraft:iron_boots":7,"minecraft:blue_wool":1,"minecraft:lime_shulker_box":4,"minecraft:black_stained_glass":5,"minecraft:stone":49,"minecraft:quartz_pillar":1,"minecraft:stone_button":3,"minecraft:diorite":64,"minecraft:magenta_shulker_box":1,"minecraft:redstone":137,"minecraft:quartz_block":1,"minecraft:arrow":4,"minecraft:blackstone_wall":1,"minecraft:mutton":5,"minecraft:rail":1,"minecraft:barrier":6,"minecraft:yellow_shulker_box":1,"minecraft:repeater":15,"minecraft:iron_door":39,"minecraft:water_bucket":1,"minecraft:filled_map":2,"minecraft:gunpowder":1,"minecraft:paper":4,"minecraft:polished_granite":46,"minecraft:spawner":1,"minecraft:jigsaw":1,"minecraft:glass":3,"minecraft:stone_bricks":5,"minecraft:apple":24,"minecraft:bow":30,"minecraft:mossy_stone_bricks":2,"minecraft:debug_stick":1,"minecraft:polished_andesite_stairs":1,"minecraft:sand":3,"minecraft:structure_void":2,"minecraft:light_blue_shulker_box":1,"minecraft:orange_wool":4,"minecraft:quartz_bricks":1,"minecraft:lever":2,"minecraft:diamond_axe":1,"minecraft:crossbow":2,"minecraft:granite":19,"minecraft:birch_sign":1,"minecraft:nether_star":18,"minecraft:shulker_shell":2},"minecraft:crafted":{"minecraft:redstone":64},"minecraft:dropped":{"minecraft:water_bucket":1,"minecraft:diamond_axe":1,"minecraft:nether_star":3,"minecraft:lime_shulker_box":2,"minecraft:crossbow":3,"minecraft:barrier":6,"minecraft:apple":6,"minecraft:granite":17,"minecraft:hopper_minecart":1,"minecraft:quartz_pillar":2,"minecraft:structure_void":2,"minecraft:item_frame":1,"minecraft:end_rod":1,"minecraft:iron_block":2,"minecraft:diorite":16,"minecraft:wooden_axe":2,"minecraft:yellow_shulker_box":1,"minecraft:potion":1,"minecraft:black_shulker_box":1,"minecraft:writable_book":1,"minecraft:paper":42,"minecraft:black_stained_glass":4,"minecraft:magenta_shulker_box":1,"minecraft:jigsaw":1,"minecraft:redstone":1,"minecraft:white_carpet":1,"minecraft:structure_block":1,"minecraft:iron_boots":8,"minecraft:comparator":1,"minecraft:quartz_bricks":1,"minecraft:debug_stick":1,"minecraft:diamond_sword":1,"minecraft:turtle_helmet":1,"minecraft:stone":31,"minecraft:quartz_block":1,"minecraft:arrow":9,"minecraft:bow":46,"minecraft:glass":3,"minecraft:white_stained_glass":187,"minecraft:polished_granite":2,"minecraft:light_blue_shulker_box":1}},"DataVersion":2567}