{"stats":{"minecraft:custom":{"minecraft:time_since_rest":21257,"minecraft:open_chest":5,"minecraft:crouch_one_cm":37282,"minecraft:play_one_minute":139441,"minecraft:inspect_dropper":1,"minecraft:sprint_one_cm":192946,"minecraft:damage_taken":131835,"minecraft:deaths":17,"minecraft:walk_one_cm":356564,"minecraft:sneak_time":10775,"minecraft:walk_under_water_one_cm":3722,"minecraft:drop":14,"minecraft:jump":1203,"minecraft:inspect_hopper":82,"minecraft:leave_game":7,"minecraft:walk_on_water_one_cm":6445,"minecraft:time_since_death":21251,"minecraft:climb_one_cm":9549,"minecraft:swim_one_cm":2769,"minecraft:fall_one_cm":67035,"minecraft:tune_noteblock":2,"minecraft:fly_one_cm":132296,"minecraft:inspect_dispenser":5},"minecraft:picked_up":{"minecraft:apple":1,"minecraft:lever":5,"minecraft:granite":3,"minecraft:diorite":3,"minecraft:redstone":2,"minecraft:paper":2},"minecraft:used":{"minecraft:bow":167},"minecraft:dropped":{"minecraft:granite":3,"minecraft:lever":5,"minecraft:diorite":3,"minecraft:paper":1,"minecraft:redstone":2}},"DataVersion":2567}