{"stats":{"minecraft:used":{"minecraft:writable_book":4,"minecraft:smooth_quartz_slab":4,"minecraft:dispenser":34,"minecraft:ladder":13,"minecraft:bone_block":1,"minecraft:carrot_on_a_stick":14,"minecraft:poppy":9,"minecraft:oak_sign":281,"minecraft:chest":83,"minecraft:white_terracotta":1,"minecraft:stone":8,"minecraft:white_shulker_box":1,"minecraft:red_nether_brick_stairs":5,"minecraft:quartz_stairs":267,"minecraft:bell":6,"minecraft:mossy_stone_brick_slab":1,"minecraft:player_head":30,"minecraft:debug_stick":1253,"minecraft:soul_sand":12,"minecraft:nether_bricks":17,"minecraft:snowball":318,"minecraft:obsidian":52,"minecraft:milk_bucket":1,"minecraft:honey_bottle":2,"minecraft:polished_blackstone_slab":8,"minecraft:glass":1084,"minecraft:crimson_button":1,"minecraft:packed_ice":55,"minecraft:honey_block":62,"minecraft:lava_bucket":60,"minecraft:quartz_pillar":20,"minecraft:quartz_slab":26,"minecraft:lantern":30,"minecraft:grass_block":10,"minecraft:polished_andesite_stairs":5,"minecraft:quartz_block":8549,"minecraft:hopper_minecart":14,"minecraft:stone_brick_stairs":8,"minecraft:stone_bricks":88,"minecraft:bedrock":42,"minecraft:item_frame":32,"minecraft:repeater":478,"minecraft:dolphin_spawn_egg":27,"minecraft:redstone_lamp":30,"minecraft:snow":1,"minecraft:bow":2010,"minecraft:hay_block":2,"minecraft:written_book":2,"minecraft:scaffolding":2,"minecraft:furnace":1,"minecraft:gray_bed":1,"minecraft:gold_block":17,"minecraft:skeleton_skull":78,"minecraft:magenta_shulker_box":1,"minecraft:spider_spawn_egg":118,"minecraft:emerald_ore":3,"minecraft:mossy_stone_bricks":269,"minecraft:end_rod":9,"minecraft:cow_spawn_egg":1,"minecraft:dropper":8,"minecraft:wither_skeleton_skull":4,"minecraft:infested_stone":15,"minecraft:red_stained_glass":7,"minecraft:chorus_fruit":8,"minecraft:powered_rail":96,"minecraft:blackstone_stairs":4,"minecraft:oak_planks":4,"minecraft:blackstone":38,"minecraft:ender_pearl":40,"minecraft:mossy_stone_brick_stairs":6,"minecraft:redstone_block":68,"minecraft:structure_void":189,"minecraft:diamond_axe":3,"minecraft:clay":1,"minecraft:smooth_quartz_stairs":6,"minecraft:oak_leaves":192,"minecraft:dark_oak_trapdoor":1,"minecraft:sand":15,"minecraft:light_blue_concrete":8,"minecraft:gray_concrete":652,"minecraft:black_concrete_powder":2,"minecraft:light_gray_terracotta":86,"minecraft:crossbow":12,"minecraft:note_block":23,"minecraft:blue_ice":146,"minecraft:cave_spider_spawn_egg":3,"minecraft:blackstone_wall":31,"minecraft:chiseled_quartz_block":4,"minecraft:shulker_spawn_egg":33,"minecraft:end_stone":1,"minecraft:creeper_spawn_egg":106,"minecraft:sticky_piston":170,"minecraft:redstone_torch":81,"minecraft:black_terracotta":19,"minecraft:lever":242,"minecraft:black_concrete":692,"minecraft:crying_obsidian":57,"minecraft:light_gray_concrete":283,"minecraft:heavy_weighted_pressure_plate":3,"minecraft:barrier":196,"minecraft:string":17,"minecraft:stone_button":103,"minecraft:polished_granite":1,"minecraft:oak_pressure_plate":10,"minecraft:iron_door":26,"minecraft:cat_spawn_egg":48,"minecraft:soul_lantern":2,"minecraft:blackstone_slab":13,"minecraft:evoker_spawn_egg":100,"minecraft:diamond_sword":70,"minecraft:coal_block":17,"minecraft:white_stained_glass":315,"minecraft:piglin_spawn_egg":50,"minecraft:chain":1,"minecraft:pink_stained_glass":2,"minecraft:smooth_stone_slab":623,"minecraft:ice":6,"minecraft:white_concrete":1619,"minecraft:coarse_dirt":4,"minecraft:cobweb":17,"minecraft:experience_bottle":911,"minecraft:gray_stained_glass":16,"minecraft:oak_fence":27,"minecraft:oak_trapdoor":3,"minecraft:purpur_block":1,"minecraft:trident":1,"minecraft:netherite_sword":7,"minecraft:iron_bars":7,"minecraft:flint_and_steel":29,"minecraft:red_concrete":18,"minecraft:armor_stand":8,"minecraft:redstone":593,"minecraft:netherrack":779,"minecraft:structure_block":31,"minecraft:oak_door":2,"minecraft:bee_spawn_egg":10,"minecraft:torch":6,"minecraft:end_stone_brick_wall":2,"minecraft:dirt":51,"minecraft:anvil":23,"minecraft:ancient_debris":4,"minecraft:hopper":25,"minecraft:cobblestone_wall":6,"minecraft:shulker_box":3,"minecraft:bee_nest":4,"minecraft:granite":1,"minecraft:sea_lantern":597,"minecraft:chipped_anvil":1,"minecraft:bookshelf":1,"minecraft:iron_block":164,"minecraft:spruce_button":4,"minecraft:slime_block":90,"minecraft:chicken_spawn_egg":187,"minecraft:smooth_quartz":773,"minecraft:barrel":2,"minecraft:blaze_spawn_egg":3,"minecraft:tripwire_hook":6,"minecraft:glowstone":28,"minecraft:basalt":5,"minecraft:lime_concrete":166,"minecraft:black_stained_glass":86,"minecraft:emerald_block":24,"minecraft:iron_trapdoor":9,"minecraft:minecart":11,"minecraft:drowned_spawn_egg":2,"minecraft:netherite_pickaxe":3,"minecraft:stone_pressure_plate":26,"minecraft:observer":192,"minecraft:knowledge_book":4,"minecraft:water_bucket":530,"minecraft:jigsaw":4,"minecraft:snow_block":1,"minecraft:yellow_shulker_box":1,"minecraft:lead":1,"minecraft:black_shulker_box":3,"minecraft:cauldron":1,"minecraft:fletching_table":1,"minecraft:cracked_stone_bricks":234,"minecraft:diamond_block":7,"minecraft:rail":41,"minecraft:polished_blackstone_pressure_plate":1,"minecraft:comparator":106,"minecraft:vine":412,"minecraft:strider_spawn_egg":5,"minecraft:crafting_table":1,"minecraft:phantom_spawn_egg":82,"minecraft:red_bed":1,"minecraft:birch_sign":5,"minecraft:campfire":3,"minecraft:lime_shulker_box":13,"minecraft:painting":61,"minecraft:dark_oak_door":1,"minecraft:oak_log":3,"minecraft:piston":31,"minecraft:ender_eye":12,"minecraft:activator_rail":2,"minecraft:apple":5,"minecraft:diamond_shovel":1,"minecraft:command_block":509,"minecraft:oak_button":5,"minecraft:pig_spawn_egg":163,"minecraft:spruce_pressure_plate":1,"minecraft:detector_rail":3,"minecraft:spruce_trapdoor":1,"minecraft:crimson_nylium":5,"minecraft:cod_spawn_egg":26,"minecraft:cobblestone":5,"minecraft:potion":18,"minecraft:red_concrete_powder":1,"minecraft:white_banner":2,"minecraft:bucket":2,"minecraft:glass_pane":98,"minecraft:chain_command_block":182,"minecraft:grass_path":3,"minecraft:magenta_glazed_terracotta":113,"minecraft:repeating_command_block":523,"minecraft:end_portal_frame":21,"minecraft:polished_blackstone_button":13,"minecraft:gray_wool":1,"minecraft:splash_potion":23,"minecraft:soul_torch":1,"minecraft:smooth_stone":348},"minecraft:dropped":{"minecraft:shulker_spawn_egg":5,"minecraft:crimson_nylium":1,"minecraft:repeating_command_block":43,"minecraft:diamond_axe":3,"minecraft:oak_pressure_plate":5,"minecraft:oak_log":1,"minecraft:chorus_fruit":1,"minecraft:ender_pearl":10,"minecraft:glass_bottle":1,"minecraft:nether_star":3,"minecraft:crafting_table":1,"minecraft:lime_stained_glass":2,"minecraft:spider_spawn_egg":1,"minecraft:cracked_stone_bricks":2,"minecraft:saddle":1,"minecraft:bedrock":1,"minecraft:rail":1,"minecraft:elytra":1,"minecraft:carrot_on_a_stick":2,"minecraft:blackstone_stairs":1,"minecraft:structure_void":5,"minecraft:dirt":1,"minecraft:gray_concrete":5,"minecraft:stone_button":4,"minecraft:dispenser":2,"minecraft:snowball":6,"minecraft:gold_nugget":2,"minecraft:chain":5,"minecraft:writable_book":1,"minecraft:white_stained_glass_pane":2,"minecraft:black_concrete":5,"minecraft:dark_oak_planks":64,"minecraft:black_stained_glass":45,"minecraft:armor_stand":1,"minecraft:oak_door":1,"minecraft:dark_oak_door":1,"minecraft:magenta_stained_glass":2,"minecraft:blackstone":2,"minecraft:diamond_block":2,"minecraft:ancient_debris":1,"minecraft:lever":90,"minecraft:detector_rail":1,"minecraft:pig_spawn_egg":4,"minecraft:netherite_sword":2,"minecraft:obsidian":1,"minecraft:black_terracotta":3,"minecraft:rotten_flesh":13,"minecraft:yellow_stained_glass":2,"minecraft:quartz_bricks":1,"minecraft:orange_stained_glass":2,"minecraft:blue_stained_glass":2,"minecraft:shulker_shell":1,"minecraft:firework_star":2,"minecraft:cod_spawn_egg":1,"minecraft:sea_lantern":5,"minecraft:gunpowder":91,"minecraft:piglin_spawn_egg":4,"minecraft:skeleton_skull":34,"minecraft:dropper":1,"minecraft:quartz_block":75,"minecraft:hopper":1,"minecraft:glowstone":1,"minecraft:ladder":2,"minecraft:chest":2,"minecraft:blackstone_slab":1,"minecraft:powered_rail":13,"minecraft:arrow":5,"minecraft:glass":77,"minecraft:chain_command_block":23,"minecraft:splash_potion":1,"minecraft:polished_granite":35,"minecraft:green_stained_glass":2,"minecraft:netherrack":8,"minecraft:spawner":1,"minecraft:water_bucket":1,"minecraft:cyan_stained_glass":2,"minecraft:red_concrete_powder":1,"minecraft:drowned_spawn_egg":1,"minecraft:netherite_axe":1,"minecraft:oak_fence":1,"minecraft:cobblestone":1,"minecraft:barrier":7,"minecraft:knowledge_book":5,"minecraft:observer":2,"minecraft:apple":4,"minecraft:granite":210,"minecraft:hopper_minecart":1,"minecraft:command_block":18,"minecraft:red_stained_glass":9,"minecraft:chicken_spawn_egg":8,"minecraft:polished_blackstone_button":2,"minecraft:grass_block":1,"minecraft:acacia_trapdoor":64,"minecraft:coal_block":3,"minecraft:stick":1,"minecraft:lava_bucket":7,"minecraft:iron_block":3,"minecraft:bee_spawn_egg":1,"minecraft:milk_bucket":1,"minecraft:diorite":229,"minecraft:ink_sac":1,"minecraft:torch":64,"minecraft:repeater":15,"minecraft:blackstone_wall":7,"minecraft:wooden_axe":5,"minecraft:white_concrete":9,"minecraft:smooth_quartz":11,"minecraft:iron_door":4,"minecraft:potion":10,"minecraft:magenta_glazed_terracotta":1,"minecraft:white_banner":2,"minecraft:polished_andesite_stairs":1,"minecraft:iron_axe":1,"minecraft:chipped_anvil":1,"minecraft:smooth_stone":24,"minecraft:paper":661,"minecraft:string":317,"minecraft:redstone_block":6,"minecraft:spruce_sapling":64,"minecraft:jigsaw":1,"minecraft:redstone":20,"minecraft:red_concrete":1,"minecraft:anvil":5,"minecraft:player_head":6,"minecraft:chiseled_quartz_block":3,"minecraft:smooth_stone_slab":5,"minecraft:light_gray_terracotta":1,"minecraft:lime_concrete":1,"minecraft:sticky_piston":1,"minecraft:experience_bottle":1,"minecraft:wither_skeleton_skull":1,"minecraft:iron_boots":4,"minecraft:green_concrete":1,"minecraft:comparator":6,"minecraft:phantom_spawn_egg":1,"minecraft:slime_block":2,"minecraft:structure_block":1,"minecraft:name_tag":1,"minecraft:light_gray_concrete":3,"minecraft:dolphin_spawn_egg":1,"minecraft:white_shulker_box":8,"minecraft:debug_stick":4,"minecraft:nether_bricks":2,"minecraft:oak_sign":29,"minecraft:glass_pane":2,"minecraft:flint_and_steel":1,"minecraft:purple_stained_glass":2,"minecraft:red_nether_brick_stairs":1,"minecraft:filled_map":2,"minecraft:diamond_sword":10,"minecraft:snow":130,"minecraft:stone":148,"minecraft:flower_pot":2,"minecraft:sea_pickle":1,"minecraft:oak_button":1,"minecraft:spruce_trapdoor":1,"minecraft:quartz_stairs":7,"minecraft:mossy_stone_bricks":1,"minecraft:cat_spawn_egg":1,"minecraft:redstone_torch":6,"minecraft:stone_pressure_plate":4,"minecraft:stone_bricks":2,"minecraft:birch_sign":1,"minecraft:slime_ball":1,"minecraft:bow":53,"minecraft:bell":3,"minecraft:white_stained_glass":108,"minecraft:brick":1,"minecraft:quartz_slab":247},"minecraft:killed":{"minecraft:cave_spider":1,"minecraft:spider":2,"minecraft:shulker":7,"minecraft:skeleton":5,"minecraft:piglin":3,"minecraft:strider":4,"minecraft:creeper":2,"minecraft:sheep":47,"minecraft:zombie":26,"minecraft:drowned":1},"minecraft:mined":{"minecraft:red_bed":1,"minecraft:glass":2,"minecraft:iron_door":3,"minecraft:gray_bed":1},"minecraft:picked_up":{"minecraft:shulker_shell":1,"minecraft:iron_chestplate":13,"minecraft:flower_pot":1,"minecraft:anvil":1,"minecraft:lead":1,"minecraft:diamond_sword":5,"minecraft:gilded_blackstone":1,"minecraft:knowledge_book":1,"minecraft:piglin_spawn_egg":1,"minecraft:string":364,"minecraft:cooked_salmon":34,"minecraft:smooth_stone_slab":1,"minecraft:iron_leggings":4,"minecraft:oak_sign":8,"minecraft:diamond_leggings":8,"minecraft:smooth_stone":4,"minecraft:black_shulker_box":1,"minecraft:comparator":2,"minecraft:redstone_torch":6,"minecraft:smooth_quartz":1,"minecraft:iron_pickaxe":11,"minecraft:coal_block":2,"minecraft:iron_boots":4,"minecraft:cyan_stained_glass":1,"minecraft:diorite":48,"minecraft:blue_stained_glass":1,"minecraft:quartz_block":558,"minecraft:command_block":2,"minecraft:rotten_flesh":21,"minecraft:iron_block":1,"minecraft:netherite_chestplate":3,"minecraft:snowball":3,"minecraft:leather_chestplate":3,"minecraft:barrier":1,"minecraft:repeater":23,"minecraft:iron_door":12,"minecraft:chiseled_quartz_block":3,"minecraft:purple_stained_glass":1,"minecraft:netherite_leggings":2,"minecraft:lantern":1,"minecraft:polished_granite":100,"minecraft:leather_boots":1,"minecraft:jigsaw":1,"minecraft:glass":66,"minecraft:bone":6,"minecraft:bow":15,"minecraft:bell":2,"minecraft:netherite_axe":3,"minecraft:mossy_stone_bricks":6,"minecraft:diamond_helmet":3,"minecraft:powered_rail":15,"minecraft:honeycomb":3,"minecraft:debug_stick":2,"minecraft:structure_void":2,"minecraft:light_blue_shulker_box":1,"minecraft:diamond_block":1,"minecraft:spectral_arrow":6,"minecraft:shulker_box":3,"minecraft:orange_wool":2,"minecraft:quartz_bricks":1,"minecraft:light_gray_concrete":1,"minecraft:diamond":48,"minecraft:black_concrete":1,"minecraft:netherite_helmet":3,"minecraft:lever":27,"minecraft:writable_book":1,"minecraft:granite":107,"minecraft:crossbow":1,"minecraft:spruce_button":2,"minecraft:golden_horse_armor":1,"minecraft:emerald":51,"minecraft:netherrack":3,"minecraft:nether_star":6,"minecraft:diamond_pickaxe":9,"minecraft:firework_star":5,"minecraft:ladder":2,"minecraft:redstone_lamp":1,"minecraft:structure_block":1,"minecraft:gold_block":1,"minecraft:diamond_horse_armor":1,"minecraft:chain":4,"minecraft:orange_stained_glass":1,"minecraft:elytra":1,"minecraft:snow":1,"minecraft:quartz_slab":2,"minecraft:white_stained_glass":10,"minecraft:iron_shovel":3,"minecraft:blackstone":1,"minecraft:cracked_stone_bricks":1,"minecraft:netherite_sword":2,"minecraft:player_head":5,"minecraft:iron_nugget":21,"minecraft:minecart":4,"minecraft:quartz_stairs":4,"minecraft:piston":2,"minecraft:lime_shulker_box":10,"minecraft:black_stained_glass":35,"minecraft:stone":218,"minecraft:note_block":2,"minecraft:quartz_pillar":1,"minecraft:stone_button":11,"minecraft:magenta_shulker_box":1,"minecraft:redstone":70,"minecraft:prismarine_crystals":34,"minecraft:tnt":13,"minecraft:arrow":9,"minecraft:repeating_command_block":4,"minecraft:diamond_chestplate":5,"minecraft:cooked_cod":55,"minecraft:beetroot_seeds":33,"minecraft:diamond_boots":4,"minecraft:saddle":4,"minecraft:gold_ingot":235,"minecraft:white_shulker_box":10,"minecraft:mutton":4,"minecraft:skeleton_skull":18,"minecraft:rail":6,"minecraft:lime_stained_glass":1,"minecraft:netherite_boots":3,"minecraft:yellow_shulker_box":1,"minecraft:carrot_on_a_stick":2,"minecraft:filled_map":1,"minecraft:ancient_debris":1,"minecraft:gunpowder":128,"minecraft:paper":421,"minecraft:white_banner":3,"minecraft:apple":21,"minecraft:stone_bricks":2,"minecraft:yellow_stained_glass":1,"minecraft:heart_of_the_sea":12,"minecraft:iron_ingot":221,"minecraft:magenta_stained_glass":1,"minecraft:glass_bottle":1,"minecraft:iron_sword":8,"minecraft:scaffolding":1,"minecraft:chain_command_block":1,"minecraft:lava_bucket":1,"minecraft:green_stained_glass":1,"minecraft:sea_lantern":2,"minecraft:spider_eye":1,"minecraft:diamond_shovel":3,"minecraft:red_stained_glass":7,"minecraft:slime_ball":1,"minecraft:iron_helmet":4,"minecraft:diamond_axe":2,"minecraft:birch_sign":2,"minecraft:oak_button":1,"minecraft:hopper":1,"minecraft:wooden_axe":2,"minecraft:ender_pearl":10},"minecraft:custom":{"minecraft:animals_bred":1,"minecraft:interact_with_crafting_table":4,"minecraft:open_barrel":5,"minecraft:open_shulker_box":79,"minecraft:bell_ring":25,"minecraft:leave_game":127,"minecraft:time_since_death":62179,"minecraft:sprint_one_cm":2330277,"minecraft:drop":1413,"minecraft:talked_to_villager":4,"minecraft:deaths":224,"minecraft:jump":17133,"minecraft:walk_on_water_one_cm":132621,"minecraft:interact_with_furnace":1,"minecraft:play_one_minute":6799033,"minecraft:damage_dealt":11575,"minecraft:player_kills":3,"minecraft:crouch_one_cm":231924,"minecraft:inspect_dispenser":90,"minecraft:inspect_dropper":38,"minecraft:mob_kills":136,"minecraft:interact_with_anvil":7,"minecraft:inspect_hopper":224,"minecraft:fill_cauldron":1,"minecraft:climb_one_cm":159633,"minecraft:walk_one_cm":6099410,"minecraft:sneak_time":220176,"minecraft:walk_under_water_one_cm":52544,"minecraft:boat_one_cm":9503,"minecraft:tune_noteblock":255,"minecraft:time_since_rest":62229,"minecraft:damage_taken":2825175,"minecraft:minecart_one_cm":21344,"minecraft:swim_one_cm":19163,"minecraft:fly_one_cm":21514423,"minecraft:open_chest":55,"minecraft:fall_one_cm":424168}},"DataVersion":2567}