{"stats":{"minecraft:used":{"minecraft:bow":111},"minecraft:picked_up":{"minecraft:arrow":1,"minecraft:apple":1,"minecraft:granite":3,"minecraft:diorite":1},"minecraft:custom":{"minecraft:open_chest":1,"minecraft:time_since_rest":1072,"minecraft:play_one_minute":16621,"minecraft:crouch_one_cm":10494,"minecraft:inspect_dropper":1,"minecraft:sprint_one_cm":137933,"minecraft:walk_one_cm":150545,"minecraft:damage_taken":3492,"minecraft:deaths":5,"minecraft:sneak_time":1264,"minecraft:walk_under_water_one_cm":1038,"minecraft:drop":11,"minecraft:jump":331,"minecraft:inspect_hopper":13,"minecraft:leave_game":1,"minecraft:time_since_death":1067,"minecraft:walk_on_water_one_cm":5564,"minecraft:climb_one_cm":10555,"minecraft:swim_one_cm":1524,"minecraft:fall_one_cm":33324,"minecraft:fly_one_cm":39037},"minecraft:killed_by":{"minecraft:player":1},"minecraft:dropped":{"minecraft:granite":3,"minecraft:arrow":1,"minecraft:bow":4,"minecraft:diorite":1,"minecraft:paper":2}},"DataVersion":2567}